<?xml version="1.0" encoding="UTF-8" standalone="yes" ?><hh:head xmlns:ha="http://www.hancom.co.kr/hwpml/2011/app" xmlns:hp="http://www.hancom.co.kr/hwpml/2011/paragraph" xmlns:hp10="http://www.hancom.co.kr/hwpml/2016/paragraph" xmlns:hs="http://www.hancom.co.kr/hwpml/2011/section" xmlns:hc="http://www.hancom.co.kr/hwpml/2011/core" xmlns:hh="http://www.hancom.co.kr/hwpml/2011/head" xmlns:hhs="http://www.hancom.co.kr/hwpml/2011/history" xmlns:hm="http://www.hancom.co.kr/hwpml/2011/master-page" xmlns:hpf="http://www.hancom.co.kr/schema/2011/hpf" xmlns:dc="http://purl.org/dc/elements/1.1/" xmlns:opf="http://www.idpf.org/2007/opf/" xmlns:ooxmlchart="http://www.hancom.co.kr/hwpml/2016/ooxmlchart" xmlns:hwpunitchar="http://www.hancom.co.kr/hwpml/2016/HwpUnitChar" xmlns:epub="http://www.idpf.org/2007/ops" xmlns:config="urn:oasis:names:tc:opendocument:xmlns:config:1.0" version="1.5" secCnt="1"><hh:beginNum page="1" footnote="1" endnote="1" pic="1" tbl="1" equation="1"/><hh:refList><hh:fontfaces itemCnt="7"><hh:fontface lang="HANGUL" fontCnt="7"><hh:font id="0" face="맑은 고딕" type="TTF" isEmbedded="0"><hh:typeInfo familyType="FCAT_GOTHIC" weight="5" proportion="3" contrast="2" strokeVariation="0" armStyle="0" letterform="2" midline="0" xHeight="4"/></hh:font><hh:font id="1" face="바탕" type="TTF" isEmbedded="0"><hh:typeInfo familyType="FCAT_GOTHIC" weight="6" proportion="0" contrast="0" strokeVariation="1" armStyle="1" letterform="1" midline="1" xHeight="1"/></hh:font><hh:font id="2" face="함초롬돋움" type="TTF" isEmbedded="0"><hh:typeInfo familyType="FCAT_GOTHIC" weight="6" proportion="4" contrast="0" strokeVariation="1" armStyle="1" letterform="1" midline="1" xHeight="1"/></hh:font><hh:font id="3" face="함초롬바탕" type="TTF" isEmbedded="0"><hh:typeInfo familyType="FCAT_GOTHIC" weight="6" proportion="4" contrast="0" strokeVariation="1" armStyle="1" letterform="1" midline="1" xHeight="1"/></hh:font><hh:font id="4" face="휴먼명조" type="TTF" isEmbedded="0"><hh:typeInfo familyType="FCAT_GOTHIC" weight="5" proportion="4" contrast="0" strokeVariation="1" armStyle="1" letterform="1" midline="1" xHeight="1"/></hh:font><hh:font id="5" face="HY헤드라인M" type="TTF" isEmbedded="0"><hh:typeInfo familyType="FCAT_GOTHIC" weight="6" proportion="0" contrast="0" strokeVariation="1" armStyle="1" letterform="1" midline="1" xHeight="1"/></hh:font><hh:font id="6" face="휴먼모음T" type="TTF" isEmbedded="0"><hh:substFont face="한컴바탕" type="TTF" isEmbedded="0" binaryItemIDRef=""/><hh:typeInfo familyType="FCAT_GOTHIC" weight="5" proportion="4" contrast="0" strokeVariation="1" armStyle="1" letterform="1" midline="1" xHeight="1"/></hh:font></hh:fontface><hh:fontface lang="LATIN" fontCnt="7"><hh:font id="0" face="맑은 고딕" type="TTF" isEmbedded="0"><hh:typeInfo familyType="FCAT_GOTHIC" weight="5" proportion="3" contrast="2" strokeVariation="0" armStyle="0" letterform="2" midline="0" xHeight="4"/></hh:font><hh:font id="1" face="바탕" type="TTF" isEmbedded="0"><hh:typeInfo familyType="FCAT_GOTHIC" weight="6" proportion="0" contrast="0" strokeVariation="1" armStyle="1" letterform="1" midline="1" xHeight="1"/></hh:font><hh:font id="2" face="함초롬돋움" type="TTF" isEmbedded="0"><hh:typeInfo familyType="FCAT_GOTHIC" weight="6" proportion="4" contrast="0" strokeVariation="1" armStyle="1" letterform="1" midline="1" xHeight="1"/></hh:font><hh:font id="3" face="함초롬바탕" type="TTF" isEmbedded="0"><hh:typeInfo familyType="FCAT_GOTHIC" weight="6" proportion="4" contrast="0" strokeVariation="1" armStyle="1" letterform="1" midline="1" xHeight="1"/></hh:font><hh:font id="4" face="휴먼명조" type="TTF" isEmbedded="0"><hh:typeInfo familyType="FCAT_GOTHIC" weight="5" proportion="4" contrast="0" strokeVariation="1" armStyle="1" letterform="1" midline="1" xHeight="1"/></hh:font><hh:font id="5" face="HY헤드라인M" type="TTF" isEmbedded="0"><hh:typeInfo familyType="FCAT_GOTHIC" weight="6" proportion="0" contrast="0" strokeVariation="1" armStyle="1" letterform="1" midline="1" xHeight="1"/></hh:font><hh:font id="6" face="휴먼모음T" type="TTF" isEmbedded="0"><hh:substFont face="한컴바탕" type="TTF" isEmbedded="0" binaryItemIDRef=""/><hh:typeInfo familyType="FCAT_GOTHIC" weight="5" proportion="4" contrast="0" strokeVariation="1" armStyle="1" letterform="1" midline="1" xHeight="1"/></hh:font></hh:fontface><hh:fontface lang="HANJA" fontCnt="7"><hh:font id="0" face="맑은 고딕" type="TTF" isEmbedded="0"><hh:typeInfo familyType="FCAT_GOTHIC" weight="5" proportion="3" contrast="2" strokeVariation="0" armStyle="0" letterform="2" midline="0" xHeight="4"/></hh:font><hh:font id="1" face="바탕" type="TTF" isEmbedded="0"><hh:typeInfo familyType="FCAT_GOTHIC" weight="6" proportion="0" contrast="0" strokeVariation="1" armStyle="1" letterform="1" midline="1" xHeight="1"/></hh:font><hh:font id="2" face="함초롬돋움" type="TTF" isEmbedded="0"><hh:typeInfo familyType="FCAT_GOTHIC" weight="6" proportion="4" contrast="0" strokeVariation="1" armStyle="1" letterform="1" midline="1" xHeight="1"/></hh:font><hh:font id="3" face="함초롬바탕" type="TTF" isEmbedded="0"><hh:typeInfo familyType="FCAT_GOTHIC" weight="6" proportion="4" contrast="0" strokeVariation="1" armStyle="1" letterform="1" midline="1" xHeight="1"/></hh:font><hh:font id="4" face="휴먼명조" type="TTF" isEmbedded="0"><hh:typeInfo familyType="FCAT_GOTHIC" weight="5" proportion="4" contrast="0" strokeVariation="1" armStyle="1" letterform="1" midline="1" xHeight="1"/></hh:font><hh:font id="5" face="HY헤드라인M" type="TTF" isEmbedded="0"><hh:typeInfo familyType="FCAT_GOTHIC" weight="6" proportion="0" contrast="0" strokeVariation="1" armStyle="1" letterform="1" midline="1" xHeight="1"/></hh:font><hh:font id="6" face="휴먼모음T" type="TTF" isEmbedded="0"><hh:substFont face="함초롬바탕" type="TTF" isEmbedded="0" binaryItemIDRef=""/><hh:typeInfo familyType="FCAT_GOTHIC" weight="5" proportion="4" contrast="0" strokeVariation="1" armStyle="1" letterform="1" midline="1" xHeight="1"/></hh:font></hh:fontface><hh:fontface lang="JAPANESE" fontCnt="7"><hh:font id="0" face="맑은 고딕" type="TTF" isEmbedded="0"><hh:typeInfo familyType="FCAT_GOTHIC" weight="5" proportion="3" contrast="2" strokeVariation="0" armStyle="0" letterform="2" midline="0" xHeight="4"/></hh:font><hh:font id="1" face="바탕" type="TTF" isEmbedded="0"><hh:typeInfo familyType="FCAT_GOTHIC" weight="6" proportion="0" contrast="0" strokeVariation="1" armStyle="1" letterform="1" midline="1" xHeight="1"/></hh:font><hh:font id="2" face="함초롬돋움" type="TTF" isEmbedded="0"><hh:typeInfo familyType="FCAT_GOTHIC" weight="6" proportion="4" contrast="0" strokeVariation="1" armStyle="1" letterform="1" midline="1" xHeight="1"/></hh:font><hh:font id="3" face="함초롬바탕" type="TTF" isEmbedded="0"><hh:typeInfo familyType="FCAT_GOTHIC" weight="6" proportion="4" contrast="0" strokeVariation="1" armStyle="1" letterform="1" midline="1" xHeight="1"/></hh:font><hh:font id="4" face="휴먼명조" type="TTF" isEmbedded="0"><hh:typeInfo familyType="FCAT_GOTHIC" weight="5" proportion="4" contrast="0" strokeVariation="1" armStyle="1" letterform="1" midline="1" xHeight="1"/></hh:font><hh:font id="5" face="HY헤드라인M" type="TTF" isEmbedded="0"><hh:typeInfo familyType="FCAT_GOTHIC" weight="6" proportion="0" contrast="0" strokeVariation="1" armStyle="1" letterform="1" midline="1" xHeight="1"/></hh:font><hh:font id="6" face="휴먼모음T" type="TTF" isEmbedded="0"><hh:substFont face="한컴바탕" type="TTF" isEmbedded="0" binaryItemIDRef=""/><hh:typeInfo familyType="FCAT_GOTHIC" weight="5" proportion="4" contrast="0" strokeVariation="1" armStyle="1" letterform="1" midline="1" xHeight="1"/></hh:font></hh:fontface><hh:fontface lang="OTHER" fontCnt="7"><hh:font id="0" face="맑은 고딕" type="TTF" isEmbedded="0"><hh:typeInfo familyType="FCAT_GOTHIC" weight="5" proportion="3" contrast="2" strokeVariation="0" armStyle="0" letterform="2" midline="0" xHeight="4"/></hh:font><hh:font id="1" face="바탕" type="TTF" isEmbedded="0"><hh:typeInfo familyType="FCAT_GOTHIC" weight="6" proportion="4" contrast="2" strokeVariation="2" armStyle="2" letterform="2" midline="2" xHeight="4"/></hh:font><hh:font id="2" face="함초롬돋움" type="TTF" isEmbedded="0"><hh:typeInfo familyType="FCAT_GOTHIC" weight="6" proportion="4" contrast="0" strokeVariation="1" armStyle="1" letterform="1" midline="1" xHeight="1"/></hh:font><hh:font id="3" face="함초롬바탕" type="TTF" isEmbedded="0"><hh:typeInfo familyType="FCAT_GOTHIC" weight="6" proportion="4" contrast="0" strokeVariation="1" armStyle="1" letterform="1" midline="1" xHeight="1"/></hh:font><hh:font id="4" face="휴먼명조" type="TTF" isEmbedded="0"><hh:typeInfo familyType="FCAT_GOTHIC" weight="6" proportion="4" contrast="2" strokeVariation="2" armStyle="2" letterform="2" midline="2" xHeight="4"/></hh:font><hh:font id="5" face="HY헤드라인M" type="TTF" isEmbedded="0"><hh:typeInfo familyType="FCAT_GOTHIC" weight="6" proportion="4" contrast="2" strokeVariation="2" armStyle="2" letterform="2" midline="2" xHeight="4"/></hh:font><hh:font id="6" face="휴먼모음T" type="TTF" isEmbedded="0"><hh:substFont face="한컴바탕" type="TTF" isEmbedded="0" binaryItemIDRef=""/><hh:typeInfo familyType="FCAT_GOTHIC" weight="6" proportion="4" contrast="2" strokeVariation="2" armStyle="2" letterform="2" midline="2" xHeight="4"/></hh:font></hh:fontface><hh:fontface lang="SYMBOL" fontCnt="7"><hh:font id="0" face="맑은 고딕" type="TTF" isEmbedded="0"><hh:typeInfo familyType="FCAT_GOTHIC" weight="5" proportion="3" contrast="2" strokeVariation="0" armStyle="0" letterform="2" midline="0" xHeight="4"/></hh:font><hh:font id="1" face="함초롬돋움" type="TTF" isEmbedded="0"><hh:typeInfo familyType="FCAT_GOTHIC" weight="6" proportion="4" contrast="0" strokeVariation="1" armStyle="1" letterform="1" midline="1" xHeight="1"/></hh:font><hh:font id="2" face="함초롬바탕" type="TTF" isEmbedded="0"><hh:typeInfo familyType="FCAT_GOTHIC" weight="6" proportion="4" contrast="0" strokeVariation="1" armStyle="1" letterform="1" midline="1" xHeight="1"/></hh:font><hh:font id="3" face="휴먼명조" type="TTF" isEmbedded="0"><hh:typeInfo familyType="FCAT_GOTHIC" weight="5" proportion="4" contrast="0" strokeVariation="1" armStyle="1" letterform="1" midline="1" xHeight="1"/></hh:font><hh:font id="4" face="HY헤드라인M" type="TTF" isEmbedded="0"><hh:typeInfo familyType="FCAT_GOTHIC" weight="6" proportion="0" contrast="0" strokeVariation="1" armStyle="1" letterform="1" midline="1" xHeight="1"/></hh:font><hh:font id="5" face="Times New Roman" type="TTF" isEmbedded="0"><hh:typeInfo familyType="FCAT_GOTHIC" weight="6" proportion="3" contrast="5" strokeVariation="4" armStyle="5" letterform="2" midline="3" xHeight="4"/></hh:font><hh:font id="6" face="휴먼모음T" type="TTF" isEmbedded="0"><hh:substFont face="한컴바탕" type="TTF" isEmbedded="0" binaryItemIDRef=""/><hh:typeInfo familyType="FCAT_GOTHIC" weight="5" proportion="4" contrast="0" strokeVariation="1" armStyle="1" letterform="1" midline="1" xHeight="1"/></hh:font></hh:fontface><hh:fontface lang="USER" fontCnt="7"><hh:font id="0" face="맑은 고딕" type="TTF" isEmbedded="0"><hh:typeInfo familyType="FCAT_GOTHIC" weight="5" proportion="3" contrast="2" strokeVariation="0" armStyle="0" letterform="2" midline="0" xHeight="4"/></hh:font><hh:font id="1" face="바탕" type="TTF" isEmbedded="0"><hh:typeInfo familyType="FCAT_GOTHIC" weight="6" proportion="0" contrast="0" strokeVariation="1" armStyle="1" letterform="1" midline="1" xHeight="1"/></hh:font><hh:font id="2" face="함초롬돋움" type="TTF" isEmbedded="0"><hh:typeInfo familyType="FCAT_GOTHIC" weight="6" proportion="4" contrast="0" strokeVariation="1" armStyle="1" letterform="1" midline="1" xHeight="1"/></hh:font><hh:font id="3" face="함초롬바탕" type="TTF" isEmbedded="0"><hh:typeInfo familyType="FCAT_GOTHIC" weight="6" proportion="4" contrast="0" strokeVariation="1" armStyle="1" letterform="1" midline="1" xHeight="1"/></hh:font><hh:font id="4" face="휴먼명조" type="TTF" isEmbedded="0"><hh:typeInfo familyType="FCAT_GOTHIC" weight="5" proportion="4" contrast="0" strokeVariation="1" armStyle="1" letterform="1" midline="1" xHeight="1"/></hh:font><hh:font id="5" face="HY헤드라인M" type="TTF" isEmbedded="0"><hh:typeInfo familyType="FCAT_GOTHIC" weight="6" proportion="0" contrast="0" strokeVariation="1" armStyle="1" letterform="1" midline="1" xHeight="1"/></hh:font><hh:font id="6" face="휴먼모음T" type="TTF" isEmbedded="0"><hh:substFont face="한컴바탕" type="TTF" isEmbedded="0" binaryItemIDRef=""/><hh:typeInfo familyType="FCAT_GOTHIC" weight="5" proportion="4" contrast="0" strokeVariation="1" armStyle="1" letterform="1" midline="1" xHeight="1"/></hh:font></hh:fontface></hh:fontfaces><hh:borderFills itemCnt="14"><hh:borderFill id="1" threeD="0" shadow="0" centerLine="NONE" breakCellSeparateLine="0"><hh:slash type="NONE" Crooked="0" isCounter="0"/><hh:backSlash type="NONE" Crooked="0" isCounter="0"/><hh:leftBorder type="NONE" width="0.1 mm" color="#000000"/><hh:rightBorder type="NONE" width="0.1 mm" color="#000000"/><hh:topBorder type="NONE" width="0.1 mm" color="#000000"/><hh:bottomBorder type="NONE" width="0.1 mm" color="#000000"/><hh:diagonal type="SOLID" width="0.1 mm" color="#000000"/></hh:borderFill><hh:borderFill id="2" threeD="0" shadow="0" centerLine="NONE" breakCellSeparateLine="0"><hh:slash type="NONE" Crooked="0" isCounter="0"/><hh:backSlash type="NONE" Crooked="0" isCounter="0"/><hh:leftBorder type="NONE" width="0.1 mm" color="#000000"/><hh:rightBorder type="NONE" width="0.1 mm" color="#000000"/><hh:topBorder type="NONE" width="0.1 mm" color="#000000"/><hh:bottomBorder type="NONE" width="0.1 mm" color="#000000"/><hh:diagonal type="SOLID" width="0.1 mm" color="#000000"/><hc:fillBrush><hc:winBrush faceColor="none" hatchColor="#FF000000" alpha="0"/></hc:fillBrush></hh:borderFill><hh:borderFill id="3" threeD="0" shadow="0" centerLine="NONE" breakCellSeparateLine="0"><hh:slash type="NONE" Crooked="0" isCounter="0"/><hh:backSlash type="NONE" Crooked="0" isCounter="0"/><hh:leftBorder type="SOLID" width="0.12 mm" color="#000000"/><hh:rightBorder type="SOLID" width="0.12 mm" color="#000000"/><hh:topBorder type="SOLID" width="0.12 mm" color="#000000"/><hh:bottomBorder type="SOLID" width="0.12 mm" color="#000000"/><hh:diagonal type="SOLID" width="0.1 mm" color="#000000"/></hh:borderFill><hh:borderFill id="4" threeD="0" shadow="0" centerLine="NONE" breakCellSeparateLine="0"><hh:slash type="NONE" Crooked="0" isCounter="0"/><hh:backSlash type="NONE" Crooked="0" isCounter="0"/><hh:leftBorder type="NONE" width="0.12 mm" color="#000000"/><hh:rightBorder type="NONE" width="0.12 mm" color="#000000"/><hh:topBorder type="NONE" width="0.12 mm" color="#000000"/><hh:bottomBorder type="NONE" width="0.12 mm" color="#000000"/></hh:borderFill><hh:borderFill id="5" threeD="0" shadow="0" centerLine="NONE" breakCellSeparateLine="0"><hh:slash type="NONE" Crooked="0" isCounter="0"/><hh:backSlash type="NONE" Crooked="0" isCounter="0"/><hh:leftBorder type="NONE" width="0.1 mm" color="#000000"/><hh:rightBorder type="NONE" width="0.1 mm" color="#000000"/><hh:topBorder type="NONE" width="0.1 mm" color="#000000"/><hh:bottomBorder type="NONE" width="0.1 mm" color="#000000"/><hh:diagonal type="SOLID" width="0.1 mm" color="#000000"/><hc:fillBrush><hc:winBrush faceColor="none" hatchColor="#000000" alpha="0"/></hc:fillBrush></hh:borderFill><hh:borderFill id="6" threeD="0" shadow="0" centerLine="NONE" breakCellSeparateLine="0"><hh:slash type="NONE" Crooked="0" isCounter="0"/><hh:backSlash type="NONE" Crooked="0" isCounter="0"/><hh:leftBorder type="NONE" width="0.12 mm" color="#000000"/><hh:rightBorder type="NONE" width="0.12 mm" color="#000000"/><hh:topBorder type="NONE" width="0.12 mm" color="#000000"/><hh:bottomBorder type="NONE" width="0.12 mm" color="#000000"/><hc:fillBrush><hc:gradation type="RADIAL" angle="0" centerX="0" centerY="0" step="50" colorNum="2" stepCenter="50" alpha="0"><hc:color value="#0080C0"/><hc:color value="#3CBFFF"/></hc:gradation></hc:fillBrush></hh:borderFill><hh:borderFill id="7" threeD="0" shadow="0" centerLine="NONE" breakCellSeparateLine="0"><hh:slash type="NONE" Crooked="0" isCounter="0"/><hh:backSlash type="NONE" Crooked="0" isCounter="0"/><hh:leftBorder type="NONE" width="0.12 mm" color="#000000"/><hh:rightBorder type="NONE" width="0.12 mm" color="#000000"/><hh:topBorder type="NONE" width="0.12 mm" color="#000000"/><hh:bottomBorder type="NONE" width="0.12 mm" color="#000000"/><hc:fillBrush><hc:winBrush faceColor="#0080C0" hatchColor="#000000" alpha="0"/></hc:fillBrush></hh:borderFill><hh:borderFill id="8" threeD="0" shadow="0" centerLine="NONE" breakCellSeparateLine="0"><hh:slash type="NONE" Crooked="0" isCounter="0"/><hh:backSlash type="NONE" Crooked="0" isCounter="0"/><hh:leftBorder type="SOLID" width="0.12 mm" color="#000000"/><hh:rightBorder type="SOLID" width="0.12 mm" color="#000000"/><hh:topBorder type="SOLID" width="0.12 mm" color="#000000"/><hh:bottomBorder type="SOLID" width="0.12 mm" color="#000000"/></hh:borderFill><hh:borderFill id="9" threeD="0" shadow="0" centerLine="NONE" breakCellSeparateLine="0"><hh:slash type="NONE" Crooked="0" isCounter="0"/><hh:backSlash type="NONE" Crooked="0" isCounter="0"/><hh:leftBorder type="DASH" width="0.12 mm" color="#000000"/><hh:rightBorder type="DASH" width="0.12 mm" color="#000000"/><hh:topBorder type="DASH" width="0.12 mm" color="#000000"/><hh:bottomBorder type="DASH" width="0.12 mm" color="#000000"/><hh:diagonal type="SOLID" width="0.1 mm" color="#000000"/></hh:borderFill><hh:borderFill id="10" threeD="0" shadow="0" centerLine="NONE" breakCellSeparateLine="0"><hh:slash type="NONE" Crooked="0" isCounter="0"/><hh:backSlash type="NONE" Crooked="0" isCounter="0"/><hh:leftBorder type="NONE" width="0.12 mm" color="#000000"/><hh:rightBorder type="NONE" width="0.12 mm" color="#000000"/><hh:topBorder type="NONE" width="0.12 mm" color="#000000"/><hh:bottomBorder type="NONE" width="0.12 mm" color="#000000"/><hc:fillBrush><hc:winBrush faceColor="#2B2D63" hatchColor="#00CCFF" alpha="0"/></hc:fillBrush></hh:borderFill><hh:borderFill id="11" threeD="0" shadow="0" centerLine="NONE" breakCellSeparateLine="0"><hh:slash type="NONE" Crooked="0" isCounter="0"/><hh:backSlash type="NONE" Crooked="0" isCounter="0"/><hh:leftBorder type="NONE" width="0.1 mm" color="#000000"/><hh:rightBorder type="NONE" width="0.1 mm" color="#000000"/><hh:topBorder type="NONE" width="0.1 mm" color="#000000"/><hh:bottomBorder type="NONE" width="0.1 mm" color="#000000"/><hh:diagonal type="SOLID" width="0.1 mm" color="#000000"/><hc:fillBrush><hc:imgBrush mode="TOTAL"><hc:img binaryItemIDRef="image1" bright="0" contrast="0" effect="REAL_PIC" alpha="0"/></hc:imgBrush></hc:fillBrush></hh:borderFill><hh:borderFill id="12" threeD="0" shadow="0" centerLine="NONE" breakCellSeparateLine="0"><hh:slash type="NONE" Crooked="0" isCounter="0"/><hh:backSlash type="NONE" Crooked="0" isCounter="0"/><hh:leftBorder type="NONE" width="0.12 mm" color="#000000"/><hh:rightBorder type="NONE" width="0.12 mm" color="#000000"/><hh:topBorder type="NONE" width="0.12 mm" color="#000000"/><hh:bottomBorder type="NONE" width="0.12 mm" color="#000000"/><hc:fillBrush><hc:winBrush faceColor="#FFFFCC" hatchColor="#00CCFF" alpha="0"/><hc:imgBrush mode="TOTAL"><hc:img binaryItemIDRef="image2" bright="0" contrast="0" effect="REAL_PIC" alpha="0"/></hc:imgBrush></hc:fillBrush></hh:borderFill><hh:borderFill id="13" threeD="0" shadow="0" centerLine="NONE" breakCellSeparateLine="0"><hh:slash type="NONE" Crooked="0" isCounter="0"/><hh:backSlash type="NONE" Crooked="0" isCounter="0"/><hh:leftBorder type="NONE" width="0.12 mm" color="#000000"/><hh:rightBorder type="NONE" width="0.12 mm" color="#000000"/><hh:topBorder type="NONE" width="0.12 mm" color="#000000"/><hh:bottomBorder type="NONE" width="0.12 mm" color="#000000"/><hc:fillBrush><hc:winBrush faceColor="#FFFFCC" hatchColor="#00CCFF" alpha="0"/><hc:imgBrush mode="TOTAL"><hc:img binaryItemIDRef="image2" bright="0" contrast="0" effect="REAL_PIC" alpha="0"/></hc:imgBrush></hc:fillBrush></hh:borderFill><hh:borderFill id="14" threeD="0" shadow="0" centerLine="NONE" breakCellSeparateLine="0"><hh:slash type="NONE" Crooked="0" isCounter="0"/><hh:backSlash type="NONE" Crooked="0" isCounter="0"/><hh:leftBorder type="NONE" width="0.12 mm" color="#000000"/><hh:rightBorder type="NONE" width="0.12 mm" color="#000000"/><hh:topBorder type="NONE" width="0.12 mm" color="#000000"/><hh:bottomBorder type="NONE" width="0.12 mm" color="#000000"/><hc:fillBrush><hc:winBrush faceColor="#FFFFCC" hatchColor="#00CCFF" alpha="0"/><hc:imgBrush mode="TOTAL"><hc:img binaryItemIDRef="image2" bright="0" contrast="0" effect="REAL_PIC" alpha="0"/></hc:imgBrush></hc:fillBrush></hh:borderFill></hh:borderFills><hh:charProperties itemCnt="24"><hh:charPr id="0" height="100" textColor="#000000" shadeColor="none" useFontSpace="0" useKerning="0" symMark="NONE" borderFillIDRef="1"><hh:fontRef hangul="3" latin="3" hanja="3" japanese="3" other="3" symbol="2" user="3"/><hh:ratio hangul="100" latin="100" hanja="100" japanese="100" other="100" symbol="100" user="100"/><hh:spacing hangul="0" latin="0" hanja="0" japanese="0" other="0" symbol="0" user="0"/><hh:relSz hangul="100" latin="100" hanja="100" japanese="100" other="100" symbol="100" user="100"/><hh:offset hangul="0" latin="0" hanja="0" japanese="0" other="0" symbol="0" user="0"/><hh:underline type="NONE" shape="SOLID" color="#000000"/><hh:strikeout shape="NONE" color="#000000"/><hh:outline type="NONE"/><hh:shadow type="NONE" color="#B2B2B2" offsetX="10" offsetY="10"/></hh:charPr><hh:charPr id="1" height="1400" textColor="#000000" shadeColor="none" useFontSpace="0" useKerning="0" symMark="NONE" borderFillIDRef="1"><hh:fontRef hangul="5" latin="5" hanja="5" japanese="5" other="5" symbol="4" user="5"/><hh:ratio hangul="100" latin="100" hanja="100" japanese="100" other="100" symbol="100" user="100"/><hh:spacing hangul="0" latin="0" hanja="0" japanese="0" other="0" symbol="0" user="0"/><hh:relSz hangul="100" latin="100" hanja="100" japanese="100" other="100" symbol="100" user="100"/><hh:offset hangul="0" latin="0" hanja="0" japanese="0" other="0" symbol="0" user="0"/><hh:underline type="NONE" shape="SOLID" color="#000000"/><hh:strikeout shape="NONE" color="#000000"/><hh:outline type="NONE"/><hh:shadow type="NONE" color="#C0C0C0" offsetX="10" offsetY="10"/></hh:charPr><hh:charPr id="2" height="1000" textColor="#000000" shadeColor="none" useFontSpace="0" useKerning="0" symMark="NONE" borderFillIDRef="2"><hh:fontRef hangul="3" latin="3" hanja="3" japanese="3" other="3" symbol="2" user="3"/><hh:ratio hangul="100" latin="100" hanja="100" japanese="100" other="100" symbol="100" user="100"/><hh:spacing hangul="0" latin="0" hanja="0" japanese="0" other="0" symbol="0" user="0"/><hh:relSz hangul="100" latin="100" hanja="100" japanese="100" other="100" symbol="100" user="100"/><hh:offset hangul="0" latin="0" hanja="0" japanese="0" other="0" symbol="0" user="0"/><hh:underline type="NONE" shape="SOLID" color="#000000"/><hh:strikeout shape="NONE" color="#000000"/><hh:outline type="NONE"/><hh:shadow type="NONE" color="#B2B2B2" offsetX="10" offsetY="10"/></hh:charPr><hh:charPr id="3" height="1000" textColor="#000000" shadeColor="none" useFontSpace="0" useKerning="0" symMark="NONE" borderFillIDRef="2"><hh:fontRef hangul="2" latin="2" hanja="2" japanese="2" other="2" symbol="1" user="2"/><hh:ratio hangul="100" latin="100" hanja="100" japanese="100" other="100" symbol="100" user="100"/><hh:spacing hangul="0" latin="0" hanja="0" japanese="0" other="0" symbol="0" user="0"/><hh:relSz hangul="100" latin="100" hanja="100" japanese="100" other="100" symbol="100" user="100"/><hh:offset hangul="0" latin="0" hanja="0" japanese="0" other="0" symbol="0" user="0"/><hh:underline type="NONE" shape="SOLID" color="#000000"/><hh:strikeout shape="NONE" color="#000000"/><hh:outline type="NONE"/><hh:shadow type="NONE" color="#B2B2B2" offsetX="10" offsetY="10"/></hh:charPr><hh:charPr id="4" height="900" textColor="#000000" shadeColor="none" useFontSpace="0" useKerning="0" symMark="NONE" borderFillIDRef="2"><hh:fontRef hangul="2" latin="2" hanja="2" japanese="2" other="2" symbol="1" user="2"/><hh:ratio hangul="100" latin="100" hanja="100" japanese="100" other="100" symbol="100" user="100"/><hh:spacing hangul="0" latin="0" hanja="0" japanese="0" other="0" symbol="0" user="0"/><hh:relSz hangul="100" latin="100" hanja="100" japanese="100" other="100" symbol="100" user="100"/><hh:offset hangul="0" latin="0" hanja="0" japanese="0" other="0" symbol="0" user="0"/><hh:underline type="NONE" shape="SOLID" color="#000000"/><hh:strikeout shape="NONE" color="#000000"/><hh:outline type="NONE"/><hh:shadow type="NONE" color="#B2B2B2" offsetX="10" offsetY="10"/></hh:charPr><hh:charPr id="5" height="900" textColor="#000000" shadeColor="none" useFontSpace="0" useKerning="0" symMark="NONE" borderFillIDRef="2"><hh:fontRef hangul="3" latin="3" hanja="3" japanese="3" other="3" symbol="2" user="3"/><hh:ratio hangul="100" latin="100" hanja="100" japanese="100" other="100" symbol="100" user="100"/><hh:spacing hangul="0" latin="0" hanja="0" japanese="0" other="0" symbol="0" user="0"/><hh:relSz hangul="100" latin="100" hanja="100" japanese="100" other="100" symbol="100" user="100"/><hh:offset hangul="0" latin="0" hanja="0" japanese="0" other="0" symbol="0" user="0"/><hh:underline type="NONE" shape="SOLID" color="#000000"/><hh:strikeout shape="NONE" color="#000000"/><hh:outline type="NONE"/><hh:shadow type="NONE" color="#B2B2B2" offsetX="10" offsetY="10"/></hh:charPr><hh:charPr id="6" height="900" textColor="#000000" shadeColor="none" useFontSpace="0" useKerning="0" symMark="NONE" borderFillIDRef="2"><hh:fontRef hangul="2" latin="2" hanja="2" japanese="2" other="2" symbol="1" user="2"/><hh:ratio hangul="100" latin="100" hanja="100" japanese="100" other="100" symbol="100" user="100"/><hh:spacing hangul="-5" latin="-5" hanja="-5" japanese="-5" other="-5" symbol="-5" user="-5"/><hh:relSz hangul="100" latin="100" hanja="100" japanese="100" other="100" symbol="100" user="100"/><hh:offset hangul="0" latin="0" hanja="0" japanese="0" other="0" symbol="0" user="0"/><hh:underline type="NONE" shape="SOLID" color="#000000"/><hh:strikeout shape="NONE" color="#000000"/><hh:outline type="NONE"/><hh:shadow type="NONE" color="#B2B2B2" offsetX="10" offsetY="10"/></hh:charPr><hh:charPr id="7" height="1000" textColor="#000000" shadeColor="none" useFontSpace="0" useKerning="0" symMark="NONE" borderFillIDRef="1"><hh:fontRef hangul="1" latin="1" hanja="1" japanese="1" other="1" symbol="5" user="1"/><hh:ratio hangul="100" latin="100" hanja="100" japanese="100" other="100" symbol="100" user="100"/><hh:spacing hangul="0" latin="0" hanja="0" japanese="0" other="0" symbol="0" user="0"/><hh:relSz hangul="100" latin="100" hanja="100" japanese="100" other="100" symbol="100" user="100"/><hh:offset hangul="0" latin="0" hanja="0" japanese="0" other="0" symbol="0" user="0"/><hh:underline type="NONE" shape="SOLID" color="#000000"/><hh:strikeout shape="NONE" color="#000000"/><hh:outline type="NONE"/><hh:shadow type="NONE" color="#B2B2B2" offsetX="10" offsetY="10"/></hh:charPr><hh:charPr id="8" height="1300" textColor="#FFFFFF" shadeColor="none" useFontSpace="0" useKerning="0" symMark="NONE" borderFillIDRef="5"><hh:fontRef hangul="5" latin="5" hanja="5" japanese="5" other="5" symbol="4" user="5"/><hh:ratio hangul="100" latin="100" hanja="100" japanese="100" other="100" symbol="100" user="100"/><hh:spacing hangul="-5" latin="-5" hanja="-5" japanese="-5" other="-5" symbol="-5" user="-5"/><hh:relSz hangul="100" latin="100" hanja="100" japanese="100" other="100" symbol="100" user="100"/><hh:offset hangul="0" latin="0" hanja="0" japanese="0" other="0" symbol="0" user="0"/><hh:bold/><hh:underline type="NONE" shape="SOLID" color="#000000"/><hh:strikeout shape="NONE" color="#000000"/><hh:outline type="NONE"/><hh:shadow type="NONE" color="#B2B2B2" offsetX="10" offsetY="10"/></hh:charPr><hh:charPr id="9" height="1300" textColor="#000000" shadeColor="none" useFontSpace="0" useKerning="0" symMark="NONE" borderFillIDRef="2"><hh:fontRef hangul="4" latin="4" hanja="4" japanese="4" other="4" symbol="3" user="4"/><hh:ratio hangul="100" latin="100" hanja="100" japanese="100" other="100" symbol="100" user="100"/><hh:spacing hangul="0" latin="0" hanja="0" japanese="0" other="0" symbol="0" user="0"/><hh:relSz hangul="100" latin="100" hanja="100" japanese="100" other="100" symbol="100" user="100"/><hh:offset hangul="0" latin="0" hanja="0" japanese="0" other="0" symbol="0" user="0"/><hh:bold/><hh:underline type="NONE" shape="SOLID" color="#000000"/><hh:strikeout shape="NONE" color="#000000"/><hh:outline type="NONE"/><hh:shadow type="NONE" color="#B2B2B2" offsetX="10" offsetY="10"/></hh:charPr><hh:charPr id="10" height="1400" textColor="#000000" shadeColor="none" useFontSpace="0" useKerning="0" symMark="NONE" borderFillIDRef="2"><hh:fontRef hangul="4" latin="4" hanja="4" japanese="4" other="4" symbol="3" user="4"/><hh:ratio hangul="100" latin="100" hanja="100" japanese="100" other="100" symbol="100" user="100"/><hh:spacing hangul="0" latin="0" hanja="0" japanese="0" other="0" symbol="0" user="0"/><hh:relSz hangul="100" latin="100" hanja="100" japanese="100" other="100" symbol="100" user="100"/><hh:offset hangul="0" latin="0" hanja="0" japanese="0" other="0" symbol="0" user="0"/><hh:underline type="NONE" shape="SOLID" color="#000000"/><hh:strikeout shape="NONE" color="#000000"/><hh:outline type="NONE"/><hh:shadow type="NONE" color="#B2B2B2" offsetX="10" offsetY="10"/></hh:charPr><hh:charPr id="11" height="1300" textColor="#000000" shadeColor="none" useFontSpace="0" useKerning="0" symMark="NONE" borderFillIDRef="2"><hh:fontRef hangul="4" latin="4" hanja="4" japanese="4" other="4" symbol="3" user="4"/><hh:ratio hangul="100" latin="100" hanja="100" japanese="100" other="100" symbol="100" user="100"/><hh:spacing hangul="0" latin="0" hanja="0" japanese="0" other="0" symbol="0" user="0"/><hh:relSz hangul="100" latin="100" hanja="100" japanese="100" other="100" symbol="100" user="100"/><hh:offset hangul="0" latin="0" hanja="0" japanese="0" other="0" symbol="0" user="0"/><hh:underline type="NONE" shape="SOLID" color="#000000"/><hh:strikeout shape="NONE" color="#000000"/><hh:outline type="NONE"/><hh:shadow type="NONE" color="#B2B2B2" offsetX="10" offsetY="10"/></hh:charPr><hh:charPr id="12" height="1500" textColor="#000000" shadeColor="none" useFontSpace="0" useKerning="0" symMark="NONE" borderFillIDRef="5"><hh:fontRef hangul="6" latin="6" hanja="6" japanese="6" other="6" symbol="6" user="6"/><hh:ratio hangul="100" latin="100" hanja="100" japanese="100" other="100" symbol="100" user="100"/><hh:spacing hangul="0" latin="0" hanja="0" japanese="0" other="0" symbol="0" user="0"/><hh:relSz hangul="100" latin="100" hanja="100" japanese="100" other="100" symbol="100" user="100"/><hh:offset hangul="0" latin="0" hanja="0" japanese="0" other="0" symbol="0" user="0"/><hh:bold/><hh:underline type="NONE" shape="SOLID" color="#000000"/><hh:strikeout shape="NONE" color="#000000"/><hh:outline type="NONE"/><hh:shadow type="NONE" color="#B2B2B2" offsetX="10" offsetY="10"/></hh:charPr><hh:charPr id="13" height="1300" textColor="#000000" shadeColor="none" useFontSpace="0" useKerning="0" symMark="NONE" borderFillIDRef="5"><hh:fontRef hangul="0" latin="0" hanja="0" japanese="0" other="0" symbol="0" user="0"/><hh:ratio hangul="100" latin="100" hanja="100" japanese="100" other="100" symbol="100" user="100"/><hh:spacing hangul="0" latin="0" hanja="0" japanese="0" other="0" symbol="0" user="0"/><hh:relSz hangul="100" latin="100" hanja="100" japanese="100" other="100" symbol="100" user="100"/><hh:offset hangul="0" latin="0" hanja="0" japanese="0" other="0" symbol="0" user="0"/><hh:underline type="NONE" shape="SOLID" color="#000000"/><hh:strikeout shape="NONE" color="#000000"/><hh:outline type="NONE"/><hh:shadow type="NONE" color="#B2B2B2" offsetX="10" offsetY="10"/></hh:charPr><hh:charPr id="14" height="100" textColor="#000000" shadeColor="none" useFontSpace="0" useKerning="0" symMark="NONE" borderFillIDRef="5"><hh:fontRef hangul="4" latin="4" hanja="4" japanese="4" other="4" symbol="3" user="4"/><hh:ratio hangul="100" latin="100" hanja="100" japanese="100" other="100" symbol="100" user="100"/><hh:spacing hangul="0" latin="0" hanja="0" japanese="0" other="0" symbol="0" user="0"/><hh:relSz hangul="100" latin="100" hanja="100" japanese="100" other="100" symbol="100" user="100"/><hh:offset hangul="0" latin="0" hanja="0" japanese="0" other="0" symbol="0" user="0"/><hh:underline type="NONE" shape="SOLID" color="#000000"/><hh:strikeout shape="NONE" color="#000000"/><hh:outline type="NONE"/><hh:shadow type="NONE" color="#B2B2B2" offsetX="10" offsetY="10"/></hh:charPr><hh:charPr id="15" height="1800" textColor="#000000" shadeColor="none" useFontSpace="0" useKerning="0" symMark="NONE" borderFillIDRef="2"><hh:fontRef hangul="5" latin="5" hanja="5" japanese="5" other="5" symbol="4" user="5"/><hh:ratio hangul="100" latin="100" hanja="100" japanese="100" other="100" symbol="100" user="100"/><hh:spacing hangul="-1" latin="-1" hanja="-1" japanese="-1" other="-1" symbol="-1" user="-1"/><hh:relSz hangul="100" latin="100" hanja="100" japanese="100" other="100" symbol="100" user="100"/><hh:offset hangul="0" latin="0" hanja="0" japanese="0" other="0" symbol="0" user="0"/><hh:underline type="NONE" shape="SOLID" color="#000000"/><hh:strikeout shape="NONE" color="#000000"/><hh:outline type="NONE"/><hh:shadow type="NONE" color="#C0C0C0" offsetX="10" offsetY="10"/></hh:charPr><hh:charPr id="16" height="1800" textColor="#000000" shadeColor="none" useFontSpace="0" useKerning="0" symMark="NONE" borderFillIDRef="2"><hh:fontRef hangul="5" latin="5" hanja="5" japanese="5" other="5" symbol="4" user="5"/><hh:ratio hangul="100" latin="100" hanja="100" japanese="100" other="100" symbol="100" user="100"/><hh:spacing hangul="0" latin="0" hanja="0" japanese="0" other="0" symbol="0" user="0"/><hh:relSz hangul="100" latin="100" hanja="100" japanese="100" other="100" symbol="100" user="100"/><hh:offset hangul="0" latin="0" hanja="0" japanese="0" other="0" symbol="0" user="0"/><hh:underline type="NONE" shape="SOLID" color="#000000"/><hh:strikeout shape="NONE" color="#000000"/><hh:outline type="NONE"/><hh:shadow type="CONTINUOUS" color="#CCCCCC" offsetX="8" offsetY="8"/></hh:charPr><hh:charPr id="17" height="1100" textColor="#000000" shadeColor="none" useFontSpace="0" useKerning="0" symMark="NONE" borderFillIDRef="5"><hh:fontRef hangul="0" latin="0" hanja="0" japanese="0" other="0" symbol="0" user="0"/><hh:ratio hangul="100" latin="100" hanja="100" japanese="100" other="100" symbol="100" user="100"/><hh:spacing hangul="0" latin="0" hanja="0" japanese="0" other="0" symbol="0" user="0"/><hh:relSz hangul="100" latin="100" hanja="100" japanese="100" other="100" symbol="100" user="100"/><hh:offset hangul="0" latin="0" hanja="0" japanese="0" other="0" symbol="0" user="0"/><hh:underline type="NONE" shape="SOLID" color="#000000"/><hh:strikeout shape="NONE" color="#000000"/><hh:outline type="NONE"/><hh:shadow type="NONE" color="#B2B2B2" offsetX="10" offsetY="10"/></hh:charPr><hh:charPr id="18" height="1500" textColor="#000000" shadeColor="none" useFontSpace="0" useKerning="0" symMark="NONE" borderFillIDRef="5"><hh:fontRef hangul="5" latin="5" hanja="5" japanese="5" other="5" symbol="4" user="5"/><hh:ratio hangul="100" latin="100" hanja="100" japanese="100" other="100" symbol="100" user="100"/><hh:spacing hangul="0" latin="0" hanja="0" japanese="0" other="0" symbol="0" user="0"/><hh:relSz hangul="100" latin="100" hanja="100" japanese="100" other="100" symbol="100" user="100"/><hh:offset hangul="0" latin="0" hanja="0" japanese="0" other="0" symbol="0" user="0"/><hh:underline type="NONE" shape="SOLID" color="#000000"/><hh:strikeout shape="NONE" color="#000000"/><hh:outline type="NONE"/><hh:shadow type="NONE" color="#B2B2B2" offsetX="10" offsetY="10"/></hh:charPr><hh:charPr id="19" height="1000" textColor="#000000" shadeColor="none" useFontSpace="0" useKerning="0" symMark="NONE" borderFillIDRef="2"><hh:fontRef hangul="4" latin="4" hanja="4" japanese="4" other="4" symbol="3" user="4"/><hh:ratio hangul="100" latin="100" hanja="100" japanese="100" other="100" symbol="100" user="100"/><hh:spacing hangul="0" latin="0" hanja="0" japanese="0" other="0" symbol="0" user="0"/><hh:relSz hangul="100" latin="100" hanja="100" japanese="100" other="100" symbol="100" user="100"/><hh:offset hangul="0" latin="0" hanja="0" japanese="0" other="0" symbol="0" user="0"/><hh:underline type="NONE" shape="SOLID" color="#000000"/><hh:strikeout shape="NONE" color="#000000"/><hh:outline type="NONE"/><hh:shadow type="NONE" color="#B2B2B2" offsetX="10" offsetY="10"/></hh:charPr><hh:charPr id="20" height="500" textColor="#000000" shadeColor="none" useFontSpace="0" useKerning="0" symMark="NONE" borderFillIDRef="2"><hh:fontRef hangul="0" latin="0" hanja="0" japanese="0" other="0" symbol="0" user="0"/><hh:ratio hangul="100" latin="100" hanja="100" japanese="100" other="100" symbol="100" user="100"/><hh:spacing hangul="0" latin="0" hanja="0" japanese="0" other="0" symbol="0" user="0"/><hh:relSz hangul="100" latin="100" hanja="100" japanese="100" other="100" symbol="100" user="100"/><hh:offset hangul="0" latin="0" hanja="0" japanese="0" other="0" symbol="0" user="0"/><hh:underline type="NONE" shape="SOLID" color="#000000"/><hh:strikeout shape="NONE" color="#000000"/><hh:outline type="NONE"/><hh:shadow type="NONE" color="#B2B2B2" offsetX="10" offsetY="10"/></hh:charPr><hh:charPr id="21" height="1200" textColor="#000000" shadeColor="none" useFontSpace="0" useKerning="0" symMark="NONE" borderFillIDRef="2"><hh:fontRef hangul="0" latin="0" hanja="0" japanese="0" other="0" symbol="0" user="0"/><hh:ratio hangul="100" latin="100" hanja="100" japanese="100" other="100" symbol="100" user="100"/><hh:spacing hangul="0" latin="0" hanja="0" japanese="0" other="0" symbol="0" user="0"/><hh:relSz hangul="100" latin="100" hanja="100" japanese="100" other="100" symbol="100" user="100"/><hh:offset hangul="0" latin="0" hanja="0" japanese="0" other="0" symbol="0" user="0"/><hh:underline type="NONE" shape="SOLID" color="#000000"/><hh:strikeout shape="NONE" color="#000000"/><hh:outline type="NONE"/><hh:shadow type="NONE" color="#B2B2B2" offsetX="10" offsetY="10"/></hh:charPr><hh:charPr id="22" height="1300" textColor="#000000" shadeColor="none" useFontSpace="0" useKerning="0" symMark="NONE" borderFillIDRef="2"><hh:fontRef hangul="4" latin="4" hanja="4" japanese="4" other="4" symbol="3" user="4"/><hh:ratio hangul="100" latin="100" hanja="100" japanese="100" other="100" symbol="100" user="100"/><hh:spacing hangul="-5" latin="-5" hanja="-5" japanese="-5" other="-5" symbol="-5" user="-5"/><hh:relSz hangul="100" latin="100" hanja="100" japanese="100" other="100" symbol="100" user="100"/><hh:offset hangul="0" latin="0" hanja="0" japanese="0" other="0" symbol="0" user="0"/><hh:underline type="NONE" shape="SOLID" color="#000000"/><hh:strikeout shape="NONE" color="#000000"/><hh:outline type="NONE"/><hh:shadow type="NONE" color="#B2B2B2" offsetX="10" offsetY="10"/></hh:charPr><hh:charPr id="23" height="1100" textColor="#000000" shadeColor="none" useFontSpace="0" useKerning="0" symMark="NONE" borderFillIDRef="1"><hh:fontRef hangul="0" latin="0" hanja="0" japanese="0" other="0" symbol="0" user="0"/><hh:ratio hangul="100" latin="100" hanja="100" japanese="100" other="100" symbol="100" user="100"/><hh:spacing hangul="0" latin="0" hanja="0" japanese="0" other="0" symbol="0" user="0"/><hh:relSz hangul="100" latin="100" hanja="100" japanese="100" other="100" symbol="100" user="100"/><hh:offset hangul="0" latin="0" hanja="0" japanese="0" other="0" symbol="0" user="0"/><hh:underline type="NONE" shape="SOLID" color="#000000"/><hh:strikeout shape="NONE" color="#000000"/><hh:outline type="NONE"/><hh:shadow type="NONE" color="#B2B2B2" offsetX="10" offsetY="10"/></hh:charPr></hh:charProperties><hh:tabProperties itemCnt="2"><hh:tabPr id="0" autoTabLeft="0" autoTabRight="0"/><hh:tabPr id="1" autoTabLeft="1" autoTabRight="0"/></hh:tabProperties><hh:numberings itemCnt="1"><hh:numbering id="1" start="0"><hh:paraHead start="1" level="1" align="LEFT" useInstWidth="1" autoIndent="1" widthAdjust="0" textOffsetType="PERCENT" textOffset="50" numFormat="DIGIT" charPrIDRef="4294967295" checkable="0">^1.</hh:paraHead><hh:paraHead start="1" level="2" align="LEFT" useInstWidth="1" autoIndent="1" widthAdjust="0" textOffsetType="PERCENT" textOffset="50" numFormat="HANGUL_SYLLABLE" charPrIDRef="4294967295" checkable="0">^2.</hh:paraHead><hh:paraHead start="1" level="3" align="LEFT" useInstWidth="1" autoIndent="1" widthAdjust="0" textOffsetType="PERCENT" textOffset="50" numFormat="DIGIT" charPrIDRef="4294967295" checkable="0">^3)</hh:paraHead><hh:paraHead start="1" level="4" align="LEFT" useInstWidth="1" autoIndent="1" widthAdjust="0" textOffsetType="PERCENT" textOffset="50" numFormat="HANGUL_SYLLABLE" charPrIDRef="4294967295" checkable="0">^4)</hh:paraHead><hh:paraHead start="1" level="5" align="LEFT" useInstWidth="1" autoIndent="1" widthAdjust="0" textOffsetType="PERCENT" textOffset="50" numFormat="DIGIT" charPrIDRef="4294967295" checkable="0">(^5)</hh:paraHead><hh:paraHead start="1" level="6" align="LEFT" useInstWidth="1" autoIndent="1" widthAdjust="0" textOffsetType="PERCENT" textOffset="50" numFormat="HANGUL_SYLLABLE" charPrIDRef="4294967295" checkable="0">(^6)</hh:paraHead><hh:paraHead start="1" level="7" align="LEFT" useInstWidth="1" autoIndent="1" widthAdjust="0" textOffsetType="PERCENT" textOffset="50" numFormat="CIRCLED_DIGIT" charPrIDRef="4294967295" checkable="1">^7</hh:paraHead><hh:paraHead start="1" level="8" align="LEFT" useInstWidth="0" autoIndent="0" widthAdjust="0" textOffsetType="PERCENT" textOffset="0" numFormat="DIGIT" charPrIDRef="0" checkable="0"/><hh:paraHead start="1" level="9" align="LEFT" useInstWidth="0" autoIndent="0" widthAdjust="0" textOffsetType="PERCENT" textOffset="0" numFormat="DIGIT" charPrIDRef="0" checkable="0"/><hh:paraHead start="1" level="10" align="LEFT" useInstWidth="0" autoIndent="0" widthAdjust="0" textOffsetType="PERCENT" textOffset="0" numFormat="DIGIT" charPrIDRef="0" checkable="0"/></hh:numbering></hh:numberings><hh:paraProperties itemCnt="22"><hh:paraPr id="0" tabPrIDRef="0" condense="0" fontLineHeight="0" snapToGrid="1" suppressLineNumbers="0" checked="0" textDir="LTR"><hh:align horizontal="LEFT" vertical="BASELINE"/><hh:heading type="NONE" idRef="0" level="0"/><hh:breakSetting breakLatinWord="KEEP_WORD" breakNonLatinWord="BREAK_WORD" widowOrphan="0" keepWithNext="0" keepLines="0" pageBreakBefore="0" lineWrap="BREAK"/><hh:autoSpacing eAsianEng="0" eAsianNum="0"/><hp:switch><hp:case hp:required-namespace="http://www.hancom.co.kr/hwpml/2016/HwpUnitChar"><hh:margin><hc:intent value="0" unit="HWPUNIT"/><hc:left value="500" unit="HWPUNIT"/><hc:right value="0" unit="HWPUNIT"/><hc:prev value="0" unit="HWPUNIT"/><hc:next value="300" unit="HWPUNIT"/></hh:margin><hh:lineSpacing type="PERCENT" value="160" unit="HWPUNIT"/></hp:case><hp:default><hh:margin><hc:intent value="0" unit="HWPUNIT"/><hc:left value="1000" unit="HWPUNIT"/><hc:right value="0" unit="HWPUNIT"/><hc:prev value="0" unit="HWPUNIT"/><hc:next value="600" unit="HWPUNIT"/></hh:margin><hh:lineSpacing type="PERCENT" value="160" unit="HWPUNIT"/></hp:default></hp:switch><hh:border borderFillIDRef="2" offsetLeft="0" offsetRight="0" offsetTop="0" offsetBottom="0" connect="0" ignoreMargin="0"/></hh:paraPr><hh:paraPr id="1" tabPrIDRef="0" condense="0" fontLineHeight="0" snapToGrid="1" suppressLineNumbers="0" checked="0" textDir="LTR"><hh:align horizontal="CENTER" vertical="BASELINE"/><hh:heading type="NONE" idRef="0" level="0"/><hh:breakSetting breakLatinWord="KEEP_WORD" breakNonLatinWord="BREAK_WORD" widowOrphan="0" keepWithNext="0" keepLines="0" pageBreakBefore="0" lineWrap="BREAK"/><hh:autoSpacing eAsianEng="0" eAsianNum="0"/><hp:switch><hp:case hp:required-namespace="http://www.hancom.co.kr/hwpml/2016/HwpUnitChar"><hh:margin><hc:intent value="0" unit="HWPUNIT"/><hc:left value="0" unit="HWPUNIT"/><hc:right value="0" unit="HWPUNIT"/><hc:prev value="0" unit="HWPUNIT"/><hc:next value="0" unit="HWPUNIT"/></hh:margin><hh:lineSpacing type="PERCENT" value="100" unit="HWPUNIT"/></hp:case><hp:default><hh:margin><hc:intent value="0" unit="HWPUNIT"/><hc:left value="0" unit="HWPUNIT"/><hc:right value="0" unit="HWPUNIT"/><hc:prev value="0" unit="HWPUNIT"/><hc:next value="0" unit="HWPUNIT"/></hh:margin><hh:lineSpacing type="PERCENT" value="100" unit="HWPUNIT"/></hp:default></hp:switch><hh:border borderFillIDRef="2" offsetLeft="0" offsetRight="0" offsetTop="0" offsetBottom="0" connect="0" ignoreMargin="0"/></hh:paraPr><hh:paraPr id="2" tabPrIDRef="0" condense="0" fontLineHeight="0" snapToGrid="1" suppressLineNumbers="0" checked="0" textDir="LTR"><hh:align horizontal="CENTER" vertical="BASELINE"/><hh:heading type="NONE" idRef="0" level="0"/><hh:breakSetting breakLatinWord="KEEP_WORD" breakNonLatinWord="BREAK_WORD" widowOrphan="0" keepWithNext="0" keepLines="0" pageBreakBefore="0" lineWrap="BREAK"/><hh:autoSpacing eAsianEng="0" eAsianNum="0"/><hp:switch><hp:case hp:required-namespace="http://www.hancom.co.kr/hwpml/2016/HwpUnitChar"><hh:margin><hc:intent value="0" unit="HWPUNIT"/><hc:left value="0" unit="HWPUNIT"/><hc:right value="0" unit="HWPUNIT"/><hc:prev value="0" unit="HWPUNIT"/><hc:next value="0" unit="HWPUNIT"/></hh:margin><hh:lineSpacing type="PERCENT" value="160" unit="HWPUNIT"/></hp:case><hp:default><hh:margin><hc:intent value="0" unit="HWPUNIT"/><hc:left value="0" unit="HWPUNIT"/><hc:right value="0" unit="HWPUNIT"/><hc:prev value="0" unit="HWPUNIT"/><hc:next value="0" unit="HWPUNIT"/></hh:margin><hh:lineSpacing type="PERCENT" value="160" unit="HWPUNIT"/></hp:default></hp:switch><hh:border borderFillIDRef="1" offsetLeft="0" offsetRight="0" offsetTop="0" offsetBottom="0" connect="0" ignoreMargin="0"/></hh:paraPr><hh:paraPr id="3" tabPrIDRef="0" condense="0" fontLineHeight="0" snapToGrid="1" suppressLineNumbers="0" checked="0" textDir="LTR"><hh:align horizontal="CENTER" vertical="BASELINE"/><hh:heading type="NONE" idRef="0" level="0"/><hh:breakSetting breakLatinWord="KEEP_WORD" breakNonLatinWord="BREAK_WORD" widowOrphan="0" keepWithNext="0" keepLines="0" pageBreakBefore="0" lineWrap="BREAK"/><hh:autoSpacing eAsianEng="0" eAsianNum="0"/><hp:switch><hp:case hp:required-namespace="http://www.hancom.co.kr/hwpml/2016/HwpUnitChar"><hh:margin><hc:intent value="0" unit="HWPUNIT"/><hc:left value="500" unit="HWPUNIT"/><hc:right value="0" unit="HWPUNIT"/><hc:prev value="500" unit="HWPUNIT"/><hc:next value="300" unit="HWPUNIT"/></hh:margin><hh:lineSpacing type="PERCENT" value="100" unit="HWPUNIT"/></hp:case><hp:default><hh:margin><hc:intent value="0" unit="HWPUNIT"/><hc:left value="1000" unit="HWPUNIT"/><hc:right value="0" unit="HWPUNIT"/><hc:prev value="1000" unit="HWPUNIT"/><hc:next value="600" unit="HWPUNIT"/></hh:margin><hh:lineSpacing type="PERCENT" value="100" unit="HWPUNIT"/></hp:default></hp:switch><hh:border borderFillIDRef="2" offsetLeft="0" offsetRight="0" offsetTop="0" offsetBottom="0" connect="0" ignoreMargin="0"/></hh:paraPr><hh:paraPr id="4" tabPrIDRef="0" condense="0" fontLineHeight="0" snapToGrid="1" suppressLineNumbers="0" checked="0" textDir="LTR"><hh:align horizontal="JUSTIFY" vertical="BASELINE"/><hh:heading type="NONE" idRef="0" level="0"/><hh:breakSetting breakLatinWord="KEEP_WORD" breakNonLatinWord="KEEP_WORD" widowOrphan="0" keepWithNext="0" keepLines="0" pageBreakBefore="0" lineWrap="BREAK"/><hh:autoSpacing eAsianEng="0" eAsianNum="0"/><hp:switch><hp:case hp:required-namespace="http://www.hancom.co.kr/hwpml/2016/HwpUnitChar"><hh:margin><hc:intent value="0" unit="HWPUNIT"/><hc:left value="0" unit="HWPUNIT"/><hc:right value="0" unit="HWPUNIT"/><hc:prev value="0" unit="HWPUNIT"/><hc:next value="0" unit="HWPUNIT"/></hh:margin><hh:lineSpacing type="PERCENT" value="140" unit="HWPUNIT"/></hp:case><hp:default><hh:margin><hc:intent value="0" unit="HWPUNIT"/><hc:left value="0" unit="HWPUNIT"/><hc:right value="0" unit="HWPUNIT"/><hc:prev value="0" unit="HWPUNIT"/><hc:next value="0" unit="HWPUNIT"/></hh:margin><hh:lineSpacing type="PERCENT" value="140" unit="HWPUNIT"/></hp:default></hp:switch><hh:border borderFillIDRef="2" offsetLeft="0" offsetRight="0" offsetTop="0" offsetBottom="0" connect="0" ignoreMargin="0"/></hh:paraPr><hh:paraPr id="5" tabPrIDRef="0" condense="0" fontLineHeight="0" snapToGrid="1" suppressLineNumbers="0" checked="0" textDir="LTR"><hh:align horizontal="LEFT" vertical="BASELINE"/><hh:heading type="NONE" idRef="0" level="0"/><hh:breakSetting breakLatinWord="KEEP_WORD" breakNonLatinWord="BREAK_WORD" widowOrphan="0" keepWithNext="0" keepLines="0" pageBreakBefore="0" lineWrap="BREAK"/><hh:autoSpacing eAsianEng="0" eAsianNum="0"/><hp:switch><hp:case hp:required-namespace="http://www.hancom.co.kr/hwpml/2016/HwpUnitChar"><hh:margin><hc:intent value="0" unit="HWPUNIT"/><hc:left value="0" unit="HWPUNIT"/><hc:right value="0" unit="HWPUNIT"/><hc:prev value="0" unit="HWPUNIT"/><hc:next value="0" unit="HWPUNIT"/></hh:margin><hh:lineSpacing type="PERCENT" value="130" unit="HWPUNIT"/></hp:case><hp:default><hh:margin><hc:intent value="0" unit="HWPUNIT"/><hc:left value="0" unit="HWPUNIT"/><hc:right value="0" unit="HWPUNIT"/><hc:prev value="0" unit="HWPUNIT"/><hc:next value="0" unit="HWPUNIT"/></hh:margin><hh:lineSpacing type="PERCENT" value="130" unit="HWPUNIT"/></hp:default></hp:switch><hh:border borderFillIDRef="2" offsetLeft="0" offsetRight="0" offsetTop="0" offsetBottom="0" connect="0" ignoreMargin="0"/></hh:paraPr><hh:paraPr id="6" tabPrIDRef="0" condense="0" fontLineHeight="0" snapToGrid="1" suppressLineNumbers="0" checked="0" textDir="LTR"><hh:align horizontal="JUSTIFY" vertical="BASELINE"/><hh:heading type="NONE" idRef="0" level="0"/><hh:breakSetting breakLatinWord="KEEP_WORD" breakNonLatinWord="KEEP_WORD" widowOrphan="0" keepWithNext="0" keepLines="0" pageBreakBefore="0" lineWrap="BREAK"/><hh:autoSpacing eAsianEng="0" eAsianNum="0"/><hp:switch><hp:case hp:required-namespace="http://www.hancom.co.kr/hwpml/2016/HwpUnitChar"><hh:margin><hc:intent value="-1310" unit="HWPUNIT"/><hc:left value="0" unit="HWPUNIT"/><hc:right value="0" unit="HWPUNIT"/><hc:prev value="0" unit="HWPUNIT"/><hc:next value="0" unit="HWPUNIT"/></hh:margin><hh:lineSpacing type="PERCENT" value="130" unit="HWPUNIT"/></hp:case><hp:default><hh:margin><hc:intent value="-2620" unit="HWPUNIT"/><hc:left value="0" unit="HWPUNIT"/><hc:right value="0" unit="HWPUNIT"/><hc:prev value="0" unit="HWPUNIT"/><hc:next value="0" unit="HWPUNIT"/></hh:margin><hh:lineSpacing type="PERCENT" value="130" unit="HWPUNIT"/></hp:default></hp:switch><hh:border borderFillIDRef="2" offsetLeft="0" offsetRight="0" offsetTop="0" offsetBottom="0" connect="0" ignoreMargin="0"/></hh:paraPr><hh:paraPr id="7" tabPrIDRef="0" condense="0" fontLineHeight="0" snapToGrid="1" suppressLineNumbers="0" checked="0" textDir="LTR"><hh:align horizontal="JUSTIFY" vertical="BASELINE"/><hh:heading type="NONE" idRef="0" level="0"/><hh:breakSetting breakLatinWord="KEEP_WORD" breakNonLatinWord="BREAK_WORD" widowOrphan="0" keepWithNext="0" keepLines="0" pageBreakBefore="0" lineWrap="BREAK"/><hh:autoSpacing eAsianEng="0" eAsianNum="0"/><hp:switch><hp:case hp:required-namespace="http://www.hancom.co.kr/hwpml/2016/HwpUnitChar"><hh:margin><hc:intent value="0" unit="HWPUNIT"/><hc:left value="0" unit="HWPUNIT"/><hc:right value="0" unit="HWPUNIT"/><hc:prev value="0" unit="HWPUNIT"/><hc:next value="0" unit="HWPUNIT"/></hh:margin><hh:lineSpacing type="PERCENT" value="150" unit="HWPUNIT"/></hp:case><hp:default><hh:margin><hc:intent value="0" unit="HWPUNIT"/><hc:left value="0" unit="HWPUNIT"/><hc:right value="0" unit="HWPUNIT"/><hc:prev value="0" unit="HWPUNIT"/><hc:next value="0" unit="HWPUNIT"/></hh:margin><hh:lineSpacing type="PERCENT" value="150" unit="HWPUNIT"/></hp:default></hp:switch><hh:border borderFillIDRef="2" offsetLeft="0" offsetRight="0" offsetTop="0" offsetBottom="0" connect="0" ignoreMargin="0"/></hh:paraPr><hh:paraPr id="8" tabPrIDRef="0" condense="0" fontLineHeight="0" snapToGrid="1" suppressLineNumbers="0" checked="0" textDir="LTR"><hh:align horizontal="JUSTIFY" vertical="BASELINE"/><hh:heading type="NONE" idRef="0" level="0"/><hh:breakSetting breakLatinWord="KEEP_WORD" breakNonLatinWord="KEEP_WORD" widowOrphan="0" keepWithNext="0" keepLines="0" pageBreakBefore="0" lineWrap="BREAK"/><hh:autoSpacing eAsianEng="0" eAsianNum="0"/><hp:switch><hp:case hp:required-namespace="http://www.hancom.co.kr/hwpml/2016/HwpUnitChar"><hh:margin><hc:intent value="0" unit="HWPUNIT"/><hc:left value="0" unit="HWPUNIT"/><hc:right value="0" unit="HWPUNIT"/><hc:prev value="0" unit="HWPUNIT"/><hc:next value="0" unit="HWPUNIT"/></hh:margin><hh:lineSpacing type="PERCENT" value="160" unit="HWPUNIT"/></hp:case><hp:default><hh:margin><hc:intent value="0" unit="HWPUNIT"/><hc:left value="0" unit="HWPUNIT"/><hc:right value="0" unit="HWPUNIT"/><hc:prev value="0" unit="HWPUNIT"/><hc:next value="0" unit="HWPUNIT"/></hh:margin><hh:lineSpacing type="PERCENT" value="160" unit="HWPUNIT"/></hp:default></hp:switch><hh:border borderFillIDRef="2" offsetLeft="0" offsetRight="0" offsetTop="0" offsetBottom="0" connect="0" ignoreMargin="0"/></hh:paraPr><hh:paraPr id="9" tabPrIDRef="1" condense="20" fontLineHeight="0" snapToGrid="1" suppressLineNumbers="0" checked="0" textDir="LTR"><hh:align horizontal="JUSTIFY" vertical="BASELINE"/><hh:heading type="OUTLINE" idRef="0" level="6"/><hh:breakSetting breakLatinWord="KEEP_WORD" breakNonLatinWord="KEEP_WORD" widowOrphan="0" keepWithNext="0" keepLines="0" pageBreakBefore="0" lineWrap="BREAK"/><hh:autoSpacing eAsianEng="0" eAsianNum="0"/><hp:switch><hp:case hp:required-namespace="http://www.hancom.co.kr/hwpml/2016/HwpUnitChar"><hh:margin><hc:intent value="0" unit="HWPUNIT"/><hc:left value="7000" unit="HWPUNIT"/><hc:right value="0" unit="HWPUNIT"/><hc:prev value="0" unit="HWPUNIT"/><hc:next value="0" unit="HWPUNIT"/></hh:margin><hh:lineSpacing type="PERCENT" value="160" unit="HWPUNIT"/></hp:case><hp:default><hh:margin><hc:intent value="0" unit="HWPUNIT"/><hc:left value="14000" unit="HWPUNIT"/><hc:right value="0" unit="HWPUNIT"/><hc:prev value="0" unit="HWPUNIT"/><hc:next value="0" unit="HWPUNIT"/></hh:margin><hh:lineSpacing type="PERCENT" value="160" unit="HWPUNIT"/></hp:default></hp:switch><hh:border borderFillIDRef="2" offsetLeft="0" offsetRight="0" offsetTop="0" offsetBottom="0" connect="0" ignoreMargin="0"/></hh:paraPr><hh:paraPr id="10" tabPrIDRef="1" condense="20" fontLineHeight="0" snapToGrid="1" suppressLineNumbers="0" checked="0" textDir="LTR"><hh:align horizontal="JUSTIFY" vertical="BASELINE"/><hh:heading type="OUTLINE" idRef="0" level="5"/><hh:breakSetting breakLatinWord="KEEP_WORD" breakNonLatinWord="KEEP_WORD" widowOrphan="0" keepWithNext="0" keepLines="0" pageBreakBefore="0" lineWrap="BREAK"/><hh:autoSpacing eAsianEng="0" eAsianNum="0"/><hp:switch><hp:case hp:required-namespace="http://www.hancom.co.kr/hwpml/2016/HwpUnitChar"><hh:margin><hc:intent value="0" unit="HWPUNIT"/><hc:left value="6000" unit="HWPUNIT"/><hc:right value="0" unit="HWPUNIT"/><hc:prev value="0" unit="HWPUNIT"/><hc:next value="0" unit="HWPUNIT"/></hh:margin><hh:lineSpacing type="PERCENT" value="160" unit="HWPUNIT"/></hp:case><hp:default><hh:margin><hc:intent value="0" unit="HWPUNIT"/><hc:left value="12000" unit="HWPUNIT"/><hc:right value="0" unit="HWPUNIT"/><hc:prev value="0" unit="HWPUNIT"/><hc:next value="0" unit="HWPUNIT"/></hh:margin><hh:lineSpacing type="PERCENT" value="160" unit="HWPUNIT"/></hp:default></hp:switch><hh:border borderFillIDRef="2" offsetLeft="0" offsetRight="0" offsetTop="0" offsetBottom="0" connect="0" ignoreMargin="0"/></hh:paraPr><hh:paraPr id="11" tabPrIDRef="1" condense="20" fontLineHeight="0" snapToGrid="1" suppressLineNumbers="0" checked="0" textDir="LTR"><hh:align horizontal="JUSTIFY" vertical="BASELINE"/><hh:heading type="OUTLINE" idRef="0" level="4"/><hh:breakSetting breakLatinWord="KEEP_WORD" breakNonLatinWord="KEEP_WORD" widowOrphan="0" keepWithNext="0" keepLines="0" pageBreakBefore="0" lineWrap="BREAK"/><hh:autoSpacing eAsianEng="0" eAsianNum="0"/><hp:switch><hp:case hp:required-namespace="http://www.hancom.co.kr/hwpml/2016/HwpUnitChar"><hh:margin><hc:intent value="0" unit="HWPUNIT"/><hc:left value="5000" unit="HWPUNIT"/><hc:right value="0" unit="HWPUNIT"/><hc:prev value="0" unit="HWPUNIT"/><hc:next value="0" unit="HWPUNIT"/></hh:margin><hh:lineSpacing type="PERCENT" value="160" unit="HWPUNIT"/></hp:case><hp:default><hh:margin><hc:intent value="0" unit="HWPUNIT"/><hc:left value="10000" unit="HWPUNIT"/><hc:right value="0" unit="HWPUNIT"/><hc:prev value="0" unit="HWPUNIT"/><hc:next value="0" unit="HWPUNIT"/></hh:margin><hh:lineSpacing type="PERCENT" value="160" unit="HWPUNIT"/></hp:default></hp:switch><hh:border borderFillIDRef="2" offsetLeft="0" offsetRight="0" offsetTop="0" offsetBottom="0" connect="0" ignoreMargin="0"/></hh:paraPr><hh:paraPr id="12" tabPrIDRef="1" condense="20" fontLineHeight="0" snapToGrid="1" suppressLineNumbers="0" checked="0" textDir="LTR"><hh:align horizontal="JUSTIFY" vertical="BASELINE"/><hh:heading type="OUTLINE" idRef="0" level="3"/><hh:breakSetting breakLatinWord="KEEP_WORD" breakNonLatinWord="KEEP_WORD" widowOrphan="0" keepWithNext="0" keepLines="0" pageBreakBefore="0" lineWrap="BREAK"/><hh:autoSpacing eAsianEng="0" eAsianNum="0"/><hp:switch><hp:case hp:required-namespace="http://www.hancom.co.kr/hwpml/2016/HwpUnitChar"><hh:margin><hc:intent value="0" unit="HWPUNIT"/><hc:left value="4000" unit="HWPUNIT"/><hc:right value="0" unit="HWPUNIT"/><hc:prev value="0" unit="HWPUNIT"/><hc:next value="0" unit="HWPUNIT"/></hh:margin><hh:lineSpacing type="PERCENT" value="160" unit="HWPUNIT"/></hp:case><hp:default><hh:margin><hc:intent value="0" unit="HWPUNIT"/><hc:left value="8000" unit="HWPUNIT"/><hc:right value="0" unit="HWPUNIT"/><hc:prev value="0" unit="HWPUNIT"/><hc:next value="0" unit="HWPUNIT"/></hh:margin><hh:lineSpacing type="PERCENT" value="160" unit="HWPUNIT"/></hp:default></hp:switch><hh:border borderFillIDRef="2" offsetLeft="0" offsetRight="0" offsetTop="0" offsetBottom="0" connect="0" ignoreMargin="0"/></hh:paraPr><hh:paraPr id="13" tabPrIDRef="1" condense="20" fontLineHeight="0" snapToGrid="1" suppressLineNumbers="0" checked="0" textDir="LTR"><hh:align horizontal="JUSTIFY" vertical="BASELINE"/><hh:heading type="OUTLINE" idRef="0" level="2"/><hh:breakSetting breakLatinWord="KEEP_WORD" breakNonLatinWord="KEEP_WORD" widowOrphan="0" keepWithNext="0" keepLines="0" pageBreakBefore="0" lineWrap="BREAK"/><hh:autoSpacing eAsianEng="0" eAsianNum="0"/><hp:switch><hp:case hp:required-namespace="http://www.hancom.co.kr/hwpml/2016/HwpUnitChar"><hh:margin><hc:intent value="0" unit="HWPUNIT"/><hc:left value="3000" unit="HWPUNIT"/><hc:right value="0" unit="HWPUNIT"/><hc:prev value="0" unit="HWPUNIT"/><hc:next value="0" unit="HWPUNIT"/></hh:margin><hh:lineSpacing type="PERCENT" value="160" unit="HWPUNIT"/></hp:case><hp:default><hh:margin><hc:intent value="0" unit="HWPUNIT"/><hc:left value="6000" unit="HWPUNIT"/><hc:right value="0" unit="HWPUNIT"/><hc:prev value="0" unit="HWPUNIT"/><hc:next value="0" unit="HWPUNIT"/></hh:margin><hh:lineSpacing type="PERCENT" value="160" unit="HWPUNIT"/></hp:default></hp:switch><hh:border borderFillIDRef="2" offsetLeft="0" offsetRight="0" offsetTop="0" offsetBottom="0" connect="0" ignoreMargin="0"/></hh:paraPr><hh:paraPr id="14" tabPrIDRef="1" condense="20" fontLineHeight="0" snapToGrid="1" suppressLineNumbers="0" checked="0" textDir="LTR"><hh:align horizontal="JUSTIFY" vertical="BASELINE"/><hh:heading type="OUTLINE" idRef="0" level="1"/><hh:breakSetting breakLatinWord="KEEP_WORD" breakNonLatinWord="KEEP_WORD" widowOrphan="0" keepWithNext="0" keepLines="0" pageBreakBefore="0" lineWrap="BREAK"/><hh:autoSpacing eAsianEng="0" eAsianNum="0"/><hp:switch><hp:case hp:required-namespace="http://www.hancom.co.kr/hwpml/2016/HwpUnitChar"><hh:margin><hc:intent value="0" unit="HWPUNIT"/><hc:left value="2000" unit="HWPUNIT"/><hc:right value="0" unit="HWPUNIT"/><hc:prev value="0" unit="HWPUNIT"/><hc:next value="0" unit="HWPUNIT"/></hh:margin><hh:lineSpacing type="PERCENT" value="160" unit="HWPUNIT"/></hp:case><hp:default><hh:margin><hc:intent value="0" unit="HWPUNIT"/><hc:left value="4000" unit="HWPUNIT"/><hc:right value="0" unit="HWPUNIT"/><hc:prev value="0" unit="HWPUNIT"/><hc:next value="0" unit="HWPUNIT"/></hh:margin><hh:lineSpacing type="PERCENT" value="160" unit="HWPUNIT"/></hp:default></hp:switch><hh:border borderFillIDRef="2" offsetLeft="0" offsetRight="0" offsetTop="0" offsetBottom="0" connect="0" ignoreMargin="0"/></hh:paraPr><hh:paraPr id="15" tabPrIDRef="1" condense="20" fontLineHeight="0" snapToGrid="1" suppressLineNumbers="0" checked="0" textDir="LTR"><hh:align horizontal="JUSTIFY" vertical="BASELINE"/><hh:heading type="OUTLINE" idRef="0" level="0"/><hh:breakSetting breakLatinWord="KEEP_WORD" breakNonLatinWord="KEEP_WORD" widowOrphan="0" keepWithNext="0" keepLines="0" pageBreakBefore="0" lineWrap="BREAK"/><hh:autoSpacing eAsianEng="0" eAsianNum="0"/><hp:switch><hp:case hp:required-namespace="http://www.hancom.co.kr/hwpml/2016/HwpUnitChar"><hh:margin><hc:intent value="0" unit="HWPUNIT"/><hc:left value="1000" unit="HWPUNIT"/><hc:right value="0" unit="HWPUNIT"/><hc:prev value="0" unit="HWPUNIT"/><hc:next value="0" unit="HWPUNIT"/></hh:margin><hh:lineSpacing type="PERCENT" value="160" unit="HWPUNIT"/></hp:case><hp:default><hh:margin><hc:intent value="0" unit="HWPUNIT"/><hc:left value="2000" unit="HWPUNIT"/><hc:right value="0" unit="HWPUNIT"/><hc:prev value="0" unit="HWPUNIT"/><hc:next value="0" unit="HWPUNIT"/></hh:margin><hh:lineSpacing type="PERCENT" value="160" unit="HWPUNIT"/></hp:default></hp:switch><hh:border borderFillIDRef="2" offsetLeft="0" offsetRight="0" offsetTop="0" offsetBottom="0" connect="0" ignoreMargin="0"/></hh:paraPr><hh:paraPr id="16" tabPrIDRef="0" condense="0" fontLineHeight="0" snapToGrid="1" suppressLineNumbers="0" checked="0" textDir="LTR"><hh:align horizontal="JUSTIFY" vertical="BASELINE"/><hh:heading type="NONE" idRef="0" level="0"/><hh:breakSetting breakLatinWord="KEEP_WORD" breakNonLatinWord="KEEP_WORD" widowOrphan="0" keepWithNext="0" keepLines="0" pageBreakBefore="0" lineWrap="BREAK"/><hh:autoSpacing eAsianEng="0" eAsianNum="0"/><hp:switch><hp:case hp:required-namespace="http://www.hancom.co.kr/hwpml/2016/HwpUnitChar"><hh:margin><hc:intent value="0" unit="HWPUNIT"/><hc:left value="1500" unit="HWPUNIT"/><hc:right value="0" unit="HWPUNIT"/><hc:prev value="0" unit="HWPUNIT"/><hc:next value="0" unit="HWPUNIT"/></hh:margin><hh:lineSpacing type="PERCENT" value="160" unit="HWPUNIT"/></hp:case><hp:default><hh:margin><hc:intent value="0" unit="HWPUNIT"/><hc:left value="3000" unit="HWPUNIT"/><hc:right value="0" unit="HWPUNIT"/><hc:prev value="0" unit="HWPUNIT"/><hc:next value="0" unit="HWPUNIT"/></hh:margin><hh:lineSpacing type="PERCENT" value="160" unit="HWPUNIT"/></hp:default></hp:switch><hh:border borderFillIDRef="2" offsetLeft="0" offsetRight="0" offsetTop="0" offsetBottom="0" connect="0" ignoreMargin="0"/></hh:paraPr><hh:paraPr id="17" tabPrIDRef="0" condense="0" fontLineHeight="0" snapToGrid="1" suppressLineNumbers="0" checked="0" textDir="LTR"><hh:align horizontal="JUSTIFY" vertical="BASELINE"/><hh:heading type="NONE" idRef="0" level="0"/><hh:breakSetting breakLatinWord="KEEP_WORD" breakNonLatinWord="KEEP_WORD" widowOrphan="0" keepWithNext="0" keepLines="0" pageBreakBefore="0" lineWrap="BREAK"/><hh:autoSpacing eAsianEng="0" eAsianNum="0"/><hp:switch><hp:case hp:required-namespace="http://www.hancom.co.kr/hwpml/2016/HwpUnitChar"><hh:margin><hc:intent value="0" unit="HWPUNIT"/><hc:left value="0" unit="HWPUNIT"/><hc:right value="0" unit="HWPUNIT"/><hc:prev value="0" unit="HWPUNIT"/><hc:next value="0" unit="HWPUNIT"/></hh:margin><hh:lineSpacing type="PERCENT" value="100" unit="HWPUNIT"/></hp:case><hp:default><hh:margin><hc:intent value="0" unit="HWPUNIT"/><hc:left value="0" unit="HWPUNIT"/><hc:right value="0" unit="HWPUNIT"/><hc:prev value="0" unit="HWPUNIT"/><hc:next value="0" unit="HWPUNIT"/></hh:margin><hh:lineSpacing type="PERCENT" value="100" unit="HWPUNIT"/></hp:default></hp:switch><hh:border borderFillIDRef="1" offsetLeft="0" offsetRight="0" offsetTop="0" offsetBottom="0" connect="0" ignoreMargin="0"/></hh:paraPr><hh:paraPr id="18" tabPrIDRef="0" condense="0" fontLineHeight="0" snapToGrid="1" suppressLineNumbers="0" checked="0" textDir="LTR"><hh:align horizontal="CENTER" vertical="BASELINE"/><hh:heading type="NONE" idRef="0" level="0"/><hh:breakSetting breakLatinWord="KEEP_WORD" breakNonLatinWord="BREAK_WORD" widowOrphan="0" keepWithNext="0" keepLines="0" pageBreakBefore="0" lineWrap="BREAK"/><hh:autoSpacing eAsianEng="0" eAsianNum="0"/><hp:switch><hp:case hp:required-namespace="http://www.hancom.co.kr/hwpml/2016/HwpUnitChar"><hh:margin><hc:intent value="0" unit="HWPUNIT"/><hc:left value="0" unit="HWPUNIT"/><hc:right value="0" unit="HWPUNIT"/><hc:prev value="0" unit="HWPUNIT"/><hc:next value="0" unit="HWPUNIT"/></hh:margin><hh:lineSpacing type="PERCENT" value="160" unit="HWPUNIT"/></hp:case><hp:default><hh:margin><hc:intent value="0" unit="HWPUNIT"/><hc:left value="0" unit="HWPUNIT"/><hc:right value="0" unit="HWPUNIT"/><hc:prev value="0" unit="HWPUNIT"/><hc:next value="0" unit="HWPUNIT"/></hh:margin><hh:lineSpacing type="PERCENT" value="160" unit="HWPUNIT"/></hp:default></hp:switch><hh:border borderFillIDRef="2" offsetLeft="0" offsetRight="0" offsetTop="0" offsetBottom="0" connect="0" ignoreMargin="0"/></hh:paraPr><hh:paraPr id="19" tabPrIDRef="0" condense="0" fontLineHeight="0" snapToGrid="1" suppressLineNumbers="0" checked="0" textDir="LTR"><hh:align horizontal="RIGHT" vertical="BASELINE"/><hh:heading type="NONE" idRef="0" level="0"/><hh:breakSetting breakLatinWord="KEEP_WORD" breakNonLatinWord="BREAK_WORD" widowOrphan="0" keepWithNext="0" keepLines="0" pageBreakBefore="0" lineWrap="BREAK"/><hh:autoSpacing eAsianEng="0" eAsianNum="0"/><hp:switch><hp:case hp:required-namespace="http://www.hancom.co.kr/hwpml/2016/HwpUnitChar"><hh:margin><hc:intent value="-3220" unit="HWPUNIT"/><hc:left value="0" unit="HWPUNIT"/><hc:right value="0" unit="HWPUNIT"/><hc:prev value="0" unit="HWPUNIT"/><hc:next value="0" unit="HWPUNIT"/></hh:margin><hh:lineSpacing type="PERCENT" value="125" unit="HWPUNIT"/></hp:case><hp:default><hh:margin><hc:intent value="-6440" unit="HWPUNIT"/><hc:left value="0" unit="HWPUNIT"/><hc:right value="0" unit="HWPUNIT"/><hc:prev value="0" unit="HWPUNIT"/><hc:next value="0" unit="HWPUNIT"/></hh:margin><hh:lineSpacing type="PERCENT" value="125" unit="HWPUNIT"/></hp:default></hp:switch><hh:border borderFillIDRef="2" offsetLeft="0" offsetRight="0" offsetTop="0" offsetBottom="0" connect="0" ignoreMargin="0"/></hh:paraPr><hh:paraPr id="20" tabPrIDRef="0" condense="0" fontLineHeight="0" snapToGrid="1" suppressLineNumbers="0" checked="0" textDir="LTR"><hh:align horizontal="LEFT" vertical="BASELINE"/><hh:heading type="NONE" idRef="0" level="0"/><hh:breakSetting breakLatinWord="KEEP_WORD" breakNonLatinWord="BREAK_WORD" widowOrphan="0" keepWithNext="0" keepLines="0" pageBreakBefore="0" lineWrap="BREAK"/><hh:autoSpacing eAsianEng="0" eAsianNum="0"/><hp:switch><hp:case hp:required-namespace="http://www.hancom.co.kr/hwpml/2016/HwpUnitChar"><hh:margin><hc:intent value="0" unit="HWPUNIT"/><hc:left value="0" unit="HWPUNIT"/><hc:right value="275" unit="HWPUNIT"/><hc:prev value="0" unit="HWPUNIT"/><hc:next value="0" unit="HWPUNIT"/></hh:margin><hh:lineSpacing type="PERCENT" value="160" unit="HWPUNIT"/></hp:case><hp:default><hh:margin><hc:intent value="0" unit="HWPUNIT"/><hc:left value="0" unit="HWPUNIT"/><hc:right value="550" unit="HWPUNIT"/><hc:prev value="0" unit="HWPUNIT"/><hc:next value="0" unit="HWPUNIT"/></hh:margin><hh:lineSpacing type="PERCENT" value="160" unit="HWPUNIT"/></hp:default></hp:switch><hh:border borderFillIDRef="2" offsetLeft="0" offsetRight="0" offsetTop="0" offsetBottom="0" connect="0" ignoreMargin="0"/></hh:paraPr><hh:paraPr id="21" tabPrIDRef="0" condense="0" fontLineHeight="0" snapToGrid="1" suppressLineNumbers="0" checked="0" textDir="LTR"><hh:align horizontal="LEFT" vertical="CENTER"/><hh:heading type="NONE" idRef="0" level="0"/><hh:breakSetting breakLatinWord="KEEP_WORD" breakNonLatinWord="BREAK_WORD" widowOrphan="0" keepWithNext="0" keepLines="0" pageBreakBefore="0" lineWrap="BREAK"/><hh:autoSpacing eAsianEng="0" eAsianNum="0"/><hp:switch><hp:case hp:required-namespace="http://www.hancom.co.kr/hwpml/2016/HwpUnitChar"><hh:margin><hc:intent value="0" unit="HWPUNIT"/><hc:left value="0" unit="HWPUNIT"/><hc:right value="0" unit="HWPUNIT"/><hc:prev value="0" unit="HWPUNIT"/><hc:next value="0" unit="HWPUNIT"/></hh:margin><hh:lineSpacing type="PERCENT" value="100" unit="HWPUNIT"/></hp:case><hp:default><hh:margin><hc:intent value="0" unit="HWPUNIT"/><hc:left value="0" unit="HWPUNIT"/><hc:right value="0" unit="HWPUNIT"/><hc:prev value="0" unit="HWPUNIT"/><hc:next value="0" unit="HWPUNIT"/></hh:margin><hh:lineSpacing type="PERCENT" value="100" unit="HWPUNIT"/></hp:default></hp:switch><hh:border borderFillIDRef="1" offsetLeft="0" offsetRight="0" offsetTop="0" offsetBottom="0" connect="0" ignoreMargin="0"/></hh:paraPr></hh:paraProperties><hh:styles itemCnt="17"><hh:style id="0" type="PARA" name="바탕글" engName="Normal" paraPrIDRef="8" charPrIDRef="2" nextStyleIDRef="0" langID="1042" lockForm="0"/><hh:style id="1" type="PARA" name="본문" engName="Body" paraPrIDRef="16" charPrIDRef="2" nextStyleIDRef="1" langID="1042" lockForm="0"/><hh:style id="2" type="PARA" name="개요 1" engName="Outline 1" paraPrIDRef="15" charPrIDRef="2" nextStyleIDRef="2" langID="1042" lockForm="0"/><hh:style id="3" type="PARA" name="개요 2" engName="Outline 2" paraPrIDRef="14" charPrIDRef="2" nextStyleIDRef="3" langID="1042" lockForm="0"/><hh:style id="4" type="PARA" name="개요 3" engName="Outline 3" paraPrIDRef="13" charPrIDRef="2" nextStyleIDRef="4" langID="1042" lockForm="0"/><hh:style id="5" type="PARA" name="개요 4" engName="Outline 4" paraPrIDRef="12" charPrIDRef="2" nextStyleIDRef="5" langID="1042" lockForm="0"/><hh:style id="6" type="PARA" name="개요 5" engName="Outline 5" paraPrIDRef="11" charPrIDRef="2" nextStyleIDRef="6" langID="1042" lockForm="0"/><hh:style id="7" type="PARA" name="개요 6" engName="Outline 6" paraPrIDRef="10" charPrIDRef="2" nextStyleIDRef="7" langID="1042" lockForm="0"/><hh:style id="8" type="PARA" name="개요 7" engName="Outline 7" paraPrIDRef="9" charPrIDRef="2" nextStyleIDRef="8" langID="1042" lockForm="0"/><hh:style id="9" type="PARA" name="쪽 번호" engName="Page Number" paraPrIDRef="8" charPrIDRef="3" nextStyleIDRef="9" langID="1042" lockForm="0"/><hh:style id="10" type="PARA" name="머리말" engName="Header" paraPrIDRef="7" charPrIDRef="4" nextStyleIDRef="10" langID="1042" lockForm="0"/><hh:style id="11" type="PARA" name="각주" engName="Footnote" paraPrIDRef="6" charPrIDRef="5" nextStyleIDRef="11" langID="1042" lockForm="0"/><hh:style id="12" type="PARA" name="미주" engName="Endnote" paraPrIDRef="6" charPrIDRef="5" nextStyleIDRef="12" langID="1042" lockForm="0"/><hh:style id="13" type="PARA" name="메모" engName="Memo" paraPrIDRef="5" charPrIDRef="6" nextStyleIDRef="13" langID="1042" lockForm="0"/><hh:style id="14" type="PARA" name="MS바탕글" engName="MsoNormal" paraPrIDRef="17" charPrIDRef="7" nextStyleIDRef="14" langID="1042" lockForm="0"/><hh:style id="15" type="PARA" name="□" engName="" paraPrIDRef="0" charPrIDRef="1" nextStyleIDRef="15" langID="1042" lockForm="0"/><hh:style id="16" type="PARA" name="xl66" engName="xl66" paraPrIDRef="21" charPrIDRef="23" nextStyleIDRef="16" langID="1042" lockForm="0"/></hh:styles></hh:refList><hh:compatibleDocument targetProgram="HWP201X"><hh:layoutCompatibility/></hh:compatibleDocument><hh:docOption><hh:linkinfo path="" pageInherit="0" footnoteInherit="0"/></hh:docOption><hh:trackchageConfig flags="56"/></hh:head>