<?xml version="1.0" encoding="UTF-8" standalone="yes" ?><hs:sec xmlns:ha="http://www.hancom.co.kr/hwpml/2011/app" xmlns:hp="http://www.hancom.co.kr/hwpml/2011/paragraph" xmlns:hp10="http://www.hancom.co.kr/hwpml/2016/paragraph" xmlns:hs="http://www.hancom.co.kr/hwpml/2011/section" xmlns:hc="http://www.hancom.co.kr/hwpml/2011/core" xmlns:hh="http://www.hancom.co.kr/hwpml/2011/head" xmlns:hhs="http://www.hancom.co.kr/hwpml/2011/history" xmlns:hm="http://www.hancom.co.kr/hwpml/2011/master-page" xmlns:hpf="http://www.hancom.co.kr/schema/2011/hpf" xmlns:dc="http://purl.org/dc/elements/1.1/" xmlns:opf="http://www.idpf.org/2007/opf/" xmlns:ooxmlchart="http://www.hancom.co.kr/hwpml/2016/ooxmlchart" xmlns:hwpunitchar="http://www.hancom.co.kr/hwpml/2016/HwpUnitChar" xmlns:epub="http://www.idpf.org/2007/ops" xmlns:config="urn:oasis:names:tc:opendocument:xmlns:config:1.0"><hp:p id="0" paraPrIDRef="18" styleIDRef="0" pageBreak="0" columnBreak="0" merged="0"><hp:run charPrIDRef="11"><hp:secPr id="" textDirection="HORIZONTAL" spaceColumns="1134" tabStop="8000" tabStopVal="4000" tabStopUnit="HWPUNIT" outlineShapeIDRef="1" memoShapeIDRef="0" textVerticalWidthHead="0" masterPageCnt="0"><hp:grid lineGrid="0" charGrid="0" wonggojiFormat="0"/><hp:startNum pageStartsOn="BOTH" page="0" pic="0" tbl="0" equation="0"/><hp:visibility hideFirstHeader="0" hideFirstFooter="0" hideFirstMasterPage="0" border="SHOW_ALL" fill="SHOW_ALL" hideFirstPageNum="0" hideFirstEmptyLine="0" showLineNumber="0"/><hp:lineNumberShape restartType="0" countBy="0" distance="0" startNumber="0"/><hp:pagePr landscape="WIDELY" width="59528" height="84188" gutterType="LEFT_ONLY"><hp:margin header="3118" footer="2834" gutter="0" left="5669" right="5669" top="3685" bottom="2834"/></hp:pagePr><hp:footNotePr><hp:autoNumFormat type="DIGIT" userChar="" prefixChar="" suffixChar=")" supscript="0"/><hp:noteLine length="-1" type="SOLID" width="0.12 mm" color="#000000"/><hp:noteSpacing betweenNotes="283" belowLine="567" aboveLine="850"/><hp:numbering type="CONTINUOUS" newNum="1"/><hp:placement place="EACH_COLUMN" beneathText="0"/></hp:footNotePr><hp:endNotePr><hp:autoNumFormat type="DIGIT" userChar="" prefixChar="" suffixChar=")" supscript="0"/><hp:noteLine length="14692344" type="SOLID" width="0.12 mm" color="#000000"/><hp:noteSpacing betweenNotes="0" belowLine="567" aboveLine="850"/><hp:numbering type="CONTINUOUS" newNum="1"/><hp:placement place="END_OF_DOCUMENT" beneathText="0"/></hp:endNotePr><hp:pageBorderFill type="BOTH" borderFillIDRef="11" textBorder="PAPER" headerInside="0" footerInside="0" fillArea="PAPER"><hp:offset left="1417" right="1417" top="1417" bottom="1417"/></hp:pageBorderFill><hp:pageBorderFill type="EVEN" borderFillIDRef="1" textBorder="PAPER" headerInside="0" footerInside="0" fillArea="PAPER"><hp:offset left="1417" right="1417" top="1417" bottom="1417"/></hp:pageBorderFill><hp:pageBorderFill type="ODD" borderFillIDRef="1" textBorder="PAPER" headerInside="0" footerInside="0" fillArea="PAPER"><hp:offset left="1417" right="1417" top="1417" bottom="1417"/></hp:pageBorderFill></hp:secPr><hp:ctrl><hp:colPr id="" type="NEWSPAPER" layout="LEFT" colCount="1" sameSz="1" sameGap="0"/></hp:ctrl></hp:run><hp:run charPrIDRef="11"><hp:tbl id="1932052109" zOrder="1" numberingType="TABLE" textWrap="TOP_AND_BOTTOM" textFlow="BOTH_SIDES" lock="0" dropcapstyle="None" pageBreak="CELL" repeatHeader="1" rowCnt="3" colCnt="1" cellSpacing="0" borderFillIDRef="8" noAdjust="0"><hp:sz width="50737" widthRelTo="ABSOLUTE" height="4491" heightRelTo="ABSOLUTE" protect="0"/><hp:pos treatAsChar="1" affectLSpacing="0" flowWithText="1" allowOverlap="0" holdAnchorAndSO="0" vertRelTo="PARA" horzRelTo="PARA" vertAlign="TOP" horzAlign="LEFT" vertOffset="0" horzOffset="0"/><hp:outMargin left="141" right="141" top="141" bottom="141"/><hp:inMargin left="141" right="141" top="141" bottom="141"/><hp:tr><hp:tc name="" header="0" hasMargin="0" protect="0" editable="0" dirty="0" borderFillIDRef="7"><hp:subList id="" textDirection="HORIZONTAL" lineWrap="BREAK" vertAlign="CENTER" linkListIDRef="0" linkListNextIDRef="0" textWidth="0" textHeight="0" hasTextRef="0" hasNumRef="0"><hp:p id="2147483648" paraPrIDRef="18" styleIDRef="0" pageBreak="0" columnBreak="0" merged="0"><hp:run charPrIDRef="0"/><hp:linesegarray><hp:lineseg textpos="0" vertpos="0" vertsize="100" textheight="100" baseline="85" spacing="60" horzpos="0" horzsize="50452" flags="393216"/></hp:linesegarray></hp:p></hp:subList><hp:cellAddr colAddr="0" rowAddr="0"/><hp:cellSpan colSpan="1" rowSpan="1"/><hp:cellSz width="50737" height="517"/><hp:cellMargin left="141" right="141" top="141" bottom="141"/></hp:tc></hp:tr><hp:tr><hp:tc name="" header="0" hasMargin="0" protect="0" editable="0" dirty="0" borderFillIDRef="4"><hp:subList id="" textDirection="HORIZONTAL" lineWrap="BREAK" vertAlign="CENTER" linkListIDRef="0" linkListNextIDRef="0" textWidth="0" textHeight="0" hasTextRef="0" hasNumRef="0"><hp:p id="2147483648" paraPrIDRef="3" styleIDRef="15" pageBreak="0" columnBreak="0" merged="0"><hp:run charPrIDRef="15"><hp:ctrl><hp:colPr id="" type="NEWSPAPER" layout="LEFT" colCount="1" sameSz="1" sameGap="0"/></hp:ctrl></hp:run><hp:run charPrIDRef="15"><hp:t>{{TITLE}}</hp:t></hp:run><hp:run charPrIDRef="16"><hp:t/></hp:run><hp:linesegarray><hp:lineseg textpos="0" vertpos="500" vertsize="1800" textheight="1800" baseline="1530" spacing="0" horzpos="500" horzsize="49952" flags="393216"/></hp:linesegarray></hp:p></hp:subList><hp:cellAddr colAddr="0" rowAddr="1"/><hp:cellSpan colSpan="1" rowSpan="1"/><hp:cellSz width="50737" height="3392"/><hp:cellMargin left="141" right="141" top="141" bottom="141"/></hp:tc></hp:tr><hp:tr><hp:tc name="" header="0" hasMargin="0" protect="0" editable="0" dirty="0" borderFillIDRef="6"><hp:subList id="" textDirection="HORIZONTAL" lineWrap="BREAK" vertAlign="CENTER" linkListIDRef="0" linkListNextIDRef="0" textWidth="0" textHeight="0" hasTextRef="0" hasNumRef="0"><hp:p id="2147483648" paraPrIDRef="1" styleIDRef="0" pageBreak="0" columnBreak="0" merged="0"><hp:run charPrIDRef="14"/><hp:linesegarray><hp:lineseg textpos="0" vertpos="0" vertsize="100" textheight="100" baseline="85" spacing="0" horzpos="0" horzsize="50452" flags="393216"/></hp:linesegarray></hp:p><hp:p id="2147483648" paraPrIDRef="1" styleIDRef="0" pageBreak="0" columnBreak="0" merged="0"><hp:run charPrIDRef="14"/><hp:linesegarray><hp:lineseg textpos="0" vertpos="100" vertsize="100" textheight="100" baseline="85" spacing="0" horzpos="0" horzsize="50452" flags="393216"/></hp:linesegarray></hp:p><hp:p id="2147483648" paraPrIDRef="1" styleIDRef="0" pageBreak="0" columnBreak="0" merged="0"><hp:run charPrIDRef="14"/><hp:linesegarray><hp:lineseg textpos="0" vertpos="200" vertsize="100" textheight="100" baseline="85" spacing="0" horzpos="0" horzsize="50452" flags="393216"/></hp:linesegarray></hp:p></hp:subList><hp:cellAddr colAddr="0" rowAddr="2"/><hp:cellSpan colSpan="1" rowSpan="1"/><hp:cellSz width="50737" height="482"/><hp:cellMargin left="141" right="141" top="141" bottom="141"/></hp:tc></hp:tr></hp:tbl><hp:t/></hp:run><hp:linesegarray><hp:lineseg textpos="0" vertpos="0" vertsize="4773" textheight="4773" baseline="4057" spacing="780" horzpos="0" horzsize="48188" flags="393216"/></hp:linesegarray></hp:p><hp:p id="2147483648" paraPrIDRef="19" styleIDRef="0" pageBreak="0" columnBreak="0" merged="0"><hp:run charPrIDRef="13"><hp:t>작성일: {{DATE}}</hp:t></hp:run><hp:linesegarray><hp:lineseg textpos="0" vertpos="5553" vertsize="1300" textheight="1300" baseline="1105" spacing="324" horzpos="0" horzsize="48188" flags="393216"/></hp:linesegarray></hp:p><hp:p id="2147483648" paraPrIDRef="19" styleIDRef="0" pageBreak="0" columnBreak="0" merged="0"><hp:run charPrIDRef="17"/><hp:linesegarray><hp:lineseg textpos="0" vertpos="7177" vertsize="1100" textheight="1100" baseline="935" spacing="276" horzpos="0" horzsize="48188" flags="393216"/></hp:linesegarray></hp:p><hp:p id="2147483648" paraPrIDRef="8" styleIDRef="0" pageBreak="0" columnBreak="0" merged="0"><hp:run charPrIDRef="9"/><hp:linesegarray><hp:lineseg textpos="0" vertpos="8553" vertsize="1300" textheight="1300" baseline="1105" spacing="780" horzpos="0" horzsize="48188" flags="393216"/></hp:linesegarray></hp:p><hp:p id="2147483648" paraPrIDRef="8" styleIDRef="0" pageBreak="0" columnBreak="0" merged="0"><hp:run charPrIDRef="9"><hp:tbl id="1932052110" zOrder="2" numberingType="TABLE" textWrap="IN_FRONT_OF_TEXT" textFlow="BOTH_SIDES" lock="0" dropcapstyle="None" pageBreak="CELL" repeatHeader="1" rowCnt="1" colCnt="2" cellSpacing="0" borderFillIDRef="8" noAdjust="0"><hp:sz width="35421" widthRelTo="ABSOLUTE" height="2409" heightRelTo="ABSOLUTE" protect="0"/><hp:pos treatAsChar="1" affectLSpacing="0" flowWithText="0" allowOverlap="0" holdAnchorAndSO="0" vertRelTo="PARA" horzRelTo="PARA" vertAlign="TOP" horzAlign="LEFT" vertOffset="0" horzOffset="0"/><hp:outMargin left="0" right="0" top="0" bottom="0"/><hp:inMargin left="0" right="0" top="0" bottom="0"/><hp:tr><hp:tc name="" header="0" hasMargin="1" protect="0" editable="0" dirty="0" borderFillIDRef="10"><hp:subList id="" textDirection="HORIZONTAL" lineWrap="BREAK" vertAlign="CENTER" linkListIDRef="0" linkListNextIDRef="0" textWidth="0" textHeight="0" hasTextRef="0" hasNumRef="0"><hp:p id="2147483648" paraPrIDRef="2" styleIDRef="0" pageBreak="0" columnBreak="0" merged="0"><hp:run charPrIDRef="8"><hp:t>1 </hp:t></hp:run><hp:linesegarray><hp:lineseg textpos="0" vertpos="0" vertsize="1300" textheight="1300" baseline="1105" spacing="780" horzpos="0" horzsize="2672" flags="393216"/></hp:linesegarray></hp:p></hp:subList><hp:cellAddr colAddr="0" rowAddr="0"/><hp:cellSpan colSpan="1" rowSpan="1"/><hp:cellSz width="2673" height="2409"/><hp:cellMargin left="0" right="0" top="0" bottom="0"/></hp:tc><hp:tc name="" header="0" hasMargin="1" protect="0" editable="0" dirty="0" borderFillIDRef="12"><hp:subList id="" textDirection="HORIZONTAL" lineWrap="BREAK" vertAlign="CENTER" linkListIDRef="0" linkListNextIDRef="0" textWidth="0" textHeight="0" hasTextRef="0" hasNumRef="0"><hp:p id="2147483648" paraPrIDRef="8" styleIDRef="0" pageBreak="0" columnBreak="0" merged="0"><hp:run charPrIDRef="18"><hp:t>{{TITLE_BACKGROUND}}</hp:t></hp:run><hp:run charPrIDRef="12"/><hp:linesegarray><hp:lineseg textpos="0" vertpos="0" vertsize="1500" textheight="1500" baseline="1275" spacing="900" horzpos="0" horzsize="31612" flags="393216"/></hp:linesegarray></hp:p></hp:subList><hp:cellAddr colAddr="1" rowAddr="0"/><hp:cellSpan colSpan="1" rowSpan="1"/><hp:cellSz width="32748" height="2409"/><hp:cellMargin left="283" right="850" top="283" bottom="142"/></hp:tc></hp:tr></hp:tbl></hp:run><hp:run charPrIDRef="10"><hp:t/></hp:run><hp:linesegarray><hp:lineseg textpos="0" vertpos="10633" vertsize="2409" textheight="2409" baseline="2048" spacing="840" horzpos="0" horzsize="48188" flags="393216"/></hp:linesegarray></hp:p><hp:p id="2147483648" paraPrIDRef="4" styleIDRef="0" pageBreak="0" columnBreak="0" merged="0"><hp:run charPrIDRef="11"><hp:tbl id="1932052111" zOrder="0" numberingType="TABLE" textWrap="TOP_AND_BOTTOM" textFlow="BOTH_SIDES" lock="0" dropcapstyle="None" pageBreak="CELL" repeatHeader="1" rowCnt="1" colCnt="1" cellSpacing="0" borderFillIDRef="3" noAdjust="0"><hp:sz width="50444" widthRelTo="ABSOLUTE" height="15421" heightRelTo="ABSOLUTE" protect="0"/><hp:pos treatAsChar="0" affectLSpacing="0" flowWithText="1" allowOverlap="0" holdAnchorAndSO="0" vertRelTo="PARA" horzRelTo="PARA" vertAlign="TOP" horzAlign="LEFT" vertOffset="0" horzOffset="0"/><hp:outMargin left="283" right="283" top="283" bottom="283"/><hp:inMargin left="510" right="510" top="141" bottom="141"/><hp:tr><hp:tc name="" header="0" hasMargin="0" protect="0" editable="0" dirty="0" borderFillIDRef="9"><hp:subList id="" textDirection="HORIZONTAL" lineWrap="BREAK" vertAlign="TOP" linkListIDRef="0" linkListNextIDRef="0" textWidth="0" textHeight="0" hasTextRef="0" hasNumRef="0"><hp:p id="2147483648" paraPrIDRef="8" styleIDRef="0" pageBreak="0" columnBreak="0" merged="0"><hp:run charPrIDRef="20"><hp:ctrl><hp:colPr id="" type="NEWSPAPER" layout="LEFT" colCount="1" sameSz="1" sameGap="0"/></hp:ctrl></hp:run><hp:run charPrIDRef="20"><hp:t/></hp:run><hp:linesegarray><hp:lineseg textpos="0" vertpos="0" vertsize="500" textheight="500" baseline="425" spacing="300" horzpos="0" horzsize="49424" flags="393216"/></hp:linesegarray></hp:p><hp:p id="2147483648" paraPrIDRef="8" styleIDRef="0" pageBreak="0" columnBreak="0" merged="0"><hp:run charPrIDRef="21"><hp:t>{{BACKGROUND}}</hp:t></hp:run><hp:linesegarray><hp:lineseg textpos="0" vertpos="800" vertsize="1200" textheight="1200" baseline="1020" spacing="720" horzpos="0" horzsize="49424" flags="393216"/></hp:linesegarray></hp:p><hp:p id="0" paraPrIDRef="8" styleIDRef="0" pageBreak="0" columnBreak="0" merged="0"><hp:run charPrIDRef="21"/><hp:linesegarray><hp:lineseg textpos="0" vertpos="2720" vertsize="1200" textheight="1200" baseline="1020" spacing="720" horzpos="0" horzsize="49424" flags="393216"/></hp:linesegarray></hp:p></hp:subList><hp:cellAddr colAddr="0" rowAddr="0"/><hp:cellSpan colSpan="1" rowSpan="1"/><hp:cellSz width="50444" height="15421"/><hp:cellMargin left="510" right="510" top="141" bottom="141"/></hp:tc></hp:tr></hp:tbl></hp:run><hp:run charPrIDRef="19"><hp:t/></hp:run><hp:linesegarray><hp:lineseg textpos="0" vertpos="13882" vertsize="1300" textheight="1300" baseline="1105" spacing="520" horzpos="0" horzsize="0" flags="393216"/></hp:linesegarray></hp:p><hp:p id="2147483648" paraPrIDRef="20" styleIDRef="0" pageBreak="1" columnBreak="0" merged="0"><hp:run charPrIDRef="22"><hp:tbl id="1932052112" zOrder="3" numberingType="TABLE" textWrap="IN_FRONT_OF_TEXT" textFlow="BOTH_SIDES" lock="0" dropcapstyle="None" pageBreak="CELL" repeatHeader="1" rowCnt="1" colCnt="2" cellSpacing="0" borderFillIDRef="8" noAdjust="0"><hp:sz width="25516" widthRelTo="ABSOLUTE" height="2409" heightRelTo="ABSOLUTE" protect="0"/><hp:pos treatAsChar="1" affectLSpacing="0" flowWithText="0" allowOverlap="0" holdAnchorAndSO="0" vertRelTo="PARA" horzRelTo="PARA" vertAlign="TOP" horzAlign="LEFT" vertOffset="0" horzOffset="0"/><hp:outMargin left="0" right="0" top="0" bottom="0"/><hp:inMargin left="0" right="0" top="0" bottom="0"/><hp:tr><hp:tc name="" header="0" hasMargin="1" protect="0" editable="0" dirty="0" borderFillIDRef="10"><hp:subList id="" textDirection="HORIZONTAL" lineWrap="BREAK" vertAlign="CENTER" linkListIDRef="0" linkListNextIDRef="0" textWidth="0" textHeight="0" hasTextRef="0" hasNumRef="0"><hp:p id="2147483648" paraPrIDRef="2" styleIDRef="0" pageBreak="0" columnBreak="0" merged="0"><hp:run charPrIDRef="8"><hp:t>2 </hp:t></hp:run><hp:linesegarray><hp:lineseg textpos="0" vertpos="0" vertsize="1300" textheight="1300" baseline="1105" spacing="780" horzpos="0" horzsize="2672" flags="393216"/></hp:linesegarray></hp:p></hp:subList><hp:cellAddr colAddr="0" rowAddr="0"/><hp:cellSpan colSpan="1" rowSpan="1"/><hp:cellSz width="2673" height="2409"/><hp:cellMargin left="0" right="0" top="0" bottom="0"/></hp:tc><hp:tc name="" header="0" hasMargin="1" protect="0" editable="0" dirty="0" borderFillIDRef="12"><hp:subList id="" textDirection="HORIZONTAL" lineWrap="BREAK" vertAlign="CENTER" linkListIDRef="0" linkListNextIDRef="0" textWidth="0" textHeight="0" hasTextRef="0" hasNumRef="0"><hp:p id="2147483648" paraPrIDRef="8" styleIDRef="0" pageBreak="0" columnBreak="0" merged="0"><hp:run charPrIDRef="18"><hp:t> {{TITLE_MAIN_CONTENT}}</hp:t></hp:run><hp:linesegarray><hp:lineseg textpos="0" vertpos="0" vertsize="1500" textheight="1500" baseline="1275" spacing="900" horzpos="0" horzsize="21708" flags="393216"/></hp:linesegarray></hp:p></hp:subList><hp:cellAddr colAddr="1" rowAddr="0"/><hp:cellSpan colSpan="1" rowSpan="1"/><hp:cellSz width="22843" height="2409"/><hp:cellMargin left="283" right="850" top="283" bottom="142"/></hp:tc></hp:tr></hp:tbl><hp:t/></hp:run><hp:linesegarray><hp:lineseg textpos="0" vertpos="0" vertsize="2409" textheight="2409" baseline="2048" spacing="780" horzpos="0" horzsize="47913" flags="393216"/></hp:linesegarray></hp:p><hp:p id="2147483648" paraPrIDRef="8" styleIDRef="0" pageBreak="0" columnBreak="0" merged="0"><hp:run charPrIDRef="19"><hp:t>{{MAIN_CONTENT}}</hp:t></hp:run><hp:linesegarray><hp:lineseg textpos="0" vertpos="3189" vertsize="1000" textheight="1000" baseline="850" spacing="600" horzpos="0" horzsize="48188" flags="393216"/></hp:linesegarray></hp:p><hp:p id="0" paraPrIDRef="8" styleIDRef="0" pageBreak="0" columnBreak="0" merged="0"><hp:run charPrIDRef="19"/><hp:linesegarray><hp:lineseg textpos="0" vertpos="4789" vertsize="1000" textheight="1000" baseline="850" spacing="600" horzpos="0" horzsize="48188" flags="393216"/></hp:linesegarray></hp:p><hp:p id="0" paraPrIDRef="20" styleIDRef="0" pageBreak="0" columnBreak="0" merged="0"><hp:run charPrIDRef="22"><hp:tbl id="1981278117" zOrder="4" numberingType="TABLE" textWrap="IN_FRONT_OF_TEXT" textFlow="BOTH_SIDES" lock="0" dropcapstyle="None" pageBreak="CELL" repeatHeader="1" rowCnt="1" colCnt="2" cellSpacing="0" borderFillIDRef="8" noAdjust="0"><hp:sz width="25516" widthRelTo="ABSOLUTE" height="2409" heightRelTo="ABSOLUTE" protect="0"/><hp:pos treatAsChar="1" affectLSpacing="0" flowWithText="0" allowOverlap="0" holdAnchorAndSO="0" vertRelTo="PARA" horzRelTo="PARA" vertAlign="TOP" horzAlign="LEFT" vertOffset="0" horzOffset="0"/><hp:outMargin left="0" right="0" top="0" bottom="0"/><hp:inMargin left="0" right="0" top="0" bottom="0"/><hp:tr><hp:tc name="" header="0" hasMargin="1" protect="0" editable="0" dirty="0" borderFillIDRef="10"><hp:subList id="" textDirection="HORIZONTAL" lineWrap="BREAK" vertAlign="CENTER" linkListIDRef="0" linkListNextIDRef="0" textWidth="0" textHeight="0" hasTextRef="0" hasNumRef="0"><hp:p id="2147483648" paraPrIDRef="2" styleIDRef="0" pageBreak="0" columnBreak="0" merged="0"><hp:run charPrIDRef="8"><hp:t>3 </hp:t></hp:run><hp:linesegarray><hp:lineseg textpos="0" vertpos="0" vertsize="1300" textheight="1300" baseline="1105" spacing="780" horzpos="0" horzsize="2672" flags="393216"/></hp:linesegarray></hp:p></hp:subList><hp:cellAddr colAddr="0" rowAddr="0"/><hp:cellSpan colSpan="1" rowSpan="1"/><hp:cellSz width="2673" height="2409"/><hp:cellMargin left="0" right="0" top="0" bottom="0"/></hp:tc><hp:tc name="" header="0" hasMargin="1" protect="0" editable="0" dirty="0" borderFillIDRef="13"><hp:subList id="" textDirection="HORIZONTAL" lineWrap="BREAK" vertAlign="CENTER" linkListIDRef="0" linkListNextIDRef="0" textWidth="0" textHeight="0" hasTextRef="0" hasNumRef="0"><hp:p id="2147483648" paraPrIDRef="8" styleIDRef="0" pageBreak="0" columnBreak="0" merged="0"><hp:run charPrIDRef="18"><hp:t> {{TITLE_CONCLUSION}}</hp:t></hp:run><hp:linesegarray><hp:lineseg textpos="0" vertpos="0" vertsize="1500" textheight="1500" baseline="1275" spacing="900" horzpos="0" horzsize="21708" flags="393216"/></hp:linesegarray></hp:p></hp:subList><hp:cellAddr colAddr="1" rowAddr="0"/><hp:cellSpan colSpan="1" rowSpan="1"/><hp:cellSz width="22843" height="2409"/><hp:cellMargin left="283" right="850" top="283" bottom="142"/></hp:tc></hp:tr></hp:tbl><hp:t/></hp:run><hp:linesegarray><hp:lineseg textpos="0" vertpos="6389" vertsize="2409" textheight="2409" baseline="2048" spacing="780" horzpos="0" horzsize="47913" flags="393216"/></hp:linesegarray></hp:p><hp:p id="2147483648" paraPrIDRef="8" styleIDRef="0" pageBreak="0" columnBreak="0" merged="0"><hp:run charPrIDRef="19"><hp:t>{{CONCLUSION}}</hp:t></hp:run><hp:linesegarray><hp:lineseg textpos="0" vertpos="9578" vertsize="1000" textheight="1000" baseline="850" spacing="600" horzpos="0" horzsize="48188" flags="393216"/></hp:linesegarray></hp:p><hp:p id="0" paraPrIDRef="8" styleIDRef="0" pageBreak="0" columnBreak="0" merged="0"><hp:run charPrIDRef="19"/><hp:linesegarray><hp:lineseg textpos="0" vertpos="11178" vertsize="1000" textheight="1000" baseline="850" spacing="600" horzpos="0" horzsize="48188" flags="393216"/></hp:linesegarray></hp:p><hp:p id="0" paraPrIDRef="20" styleIDRef="0" pageBreak="0" columnBreak="0" merged="0"><hp:run charPrIDRef="22"><hp:tbl id="1981278118" zOrder="5" numberingType="TABLE" textWrap="IN_FRONT_OF_TEXT" textFlow="BOTH_SIDES" lock="0" dropcapstyle="None" pageBreak="CELL" repeatHeader="1" rowCnt="1" colCnt="2" cellSpacing="0" borderFillIDRef="8" noAdjust="0"><hp:sz width="25516" widthRelTo="ABSOLUTE" height="2409" heightRelTo="ABSOLUTE" protect="0"/><hp:pos treatAsChar="1" affectLSpacing="0" flowWithText="0" allowOverlap="0" holdAnchorAndSO="0" vertRelTo="PARA" horzRelTo="PARA" vertAlign="TOP" horzAlign="LEFT" vertOffset="0" horzOffset="0"/><hp:outMargin left="0" right="0" top="0" bottom="0"/><hp:inMargin left="0" right="0" top="0" bottom="0"/><hp:tr><hp:tc name="" header="0" hasMargin="1" protect="0" editable="0" dirty="0" borderFillIDRef="10"><hp:subList id="" textDirection="HORIZONTAL" lineWrap="BREAK" vertAlign="CENTER" linkListIDRef="0" linkListNextIDRef="0" textWidth="0" textHeight="0" hasTextRef="0" hasNumRef="0"><hp:p id="2147483648" paraPrIDRef="2" styleIDRef="0" pageBreak="0" columnBreak="0" merged="0"><hp:run charPrIDRef="8"><hp:t>4 </hp:t></hp:run><hp:linesegarray><hp:lineseg textpos="0" vertpos="0" vertsize="1300" textheight="1300" baseline="1105" spacing="780" horzpos="0" horzsize="2672" flags="393216"/></hp:linesegarray></hp:p></hp:subList><hp:cellAddr colAddr="0" rowAddr="0"/><hp:cellSpan colSpan="1" rowSpan="1"/><hp:cellSz width="2673" height="2409"/><hp:cellMargin left="0" right="0" top="0" bottom="0"/></hp:tc><hp:tc name="" header="0" hasMargin="1" protect="0" editable="0" dirty="0" borderFillIDRef="14"><hp:subList id="" textDirection="HORIZONTAL" lineWrap="BREAK" vertAlign="CENTER" linkListIDRef="0" linkListNextIDRef="0" textWidth="0" textHeight="0" hasTextRef="0" hasNumRef="0"><hp:p id="2147483648" paraPrIDRef="8" styleIDRef="0" pageBreak="0" columnBreak="0" merged="0"><hp:run charPrIDRef="18"><hp:t> {{TITLE_SUMARY}}</hp:t></hp:run><hp:linesegarray><hp:lineseg textpos="0" vertpos="0" vertsize="1500" textheight="1500" baseline="1275" spacing="900" horzpos="0" horzsize="21708" flags="393216"/></hp:linesegarray></hp:p></hp:subList><hp:cellAddr colAddr="1" rowAddr="0"/><hp:cellSpan colSpan="1" rowSpan="1"/><hp:cellSz width="22843" height="2409"/><hp:cellMargin left="283" right="850" top="283" bottom="142"/></hp:tc></hp:tr></hp:tbl><hp:t/></hp:run><hp:linesegarray><hp:lineseg textpos="0" vertpos="12778" vertsize="2409" textheight="2409" baseline="2048" spacing="780" horzpos="0" horzsize="47913" flags="393216"/></hp:linesegarray></hp:p><hp:p id="2147483648" paraPrIDRef="8" styleIDRef="0" pageBreak="0" columnBreak="0" merged="0"><hp:run charPrIDRef="19"><hp:t>{{SUMARY}}</hp:t></hp:run><hp:linesegarray><hp:lineseg textpos="0" vertpos="15967" vertsize="1000" textheight="1000" baseline="850" spacing="600" horzpos="0" horzsize="48188" flags="393216"/></hp:linesegarray></hp:p></hs:sec>